{"type":"FeatureCollection","features":[{"id":"0","type":"Feature","properties":{"AREA":89854.9078953,"PERIMETER":2503.07199965,"LP_":2,"LP_ID":2,"ID":0,"LP_AREA":0.0898549},"geometry":{"type":"Polygon","coordinates":[[[114.02059732138905,37.73984085621403],[114.0184673795933,37.73762066651789],[114.00961027378878,37.7327979482901],[114.01739277520358,37.73860369521553],[114.02059732138905,37.73984085621403]]]}},{"id":"1","type":"Feature","properties":{"AREA":796078.884958,"PERIMETER":4428.65822481,"LP_":3,"LP_ID":3,"ID":0,"LP_AREA":0.796079},"geometry":{"type":"Polygon","coordinates":[[[114.03949220046664,37.749588467444674],[114.03691018925004,37.7456040483122],[114.02732689387382,37.742440429931044],[114.02059732138905,37.73984085621403],[114.0251954731473,37.74463825653847],[114.03074771463639,37.75148784423472],[114.03949220046664,37.749588467444674]]]}},{"id":"2","type":"Feature","properties":{"AREA":626228.555142,"PERIMETER":6007267.62081,"LP_":4,"LP_ID":4,"ID":0,"LP_AREA":626229.0},"geometry":{"type":"Polygon","coordinates":[[[110.37885189077099,40.72729219203827],[110.39006302066137,40.72817426000517],[110.39846430974809,40.7339772445004],[110.40687666190185,40.740005315540834],[110.412644000952,40.74771771961289],[110.41960925025153,40.755168372555005],[110.43034099742083,40.758830837976575],[110.44280526048631,40.76060166470237],[110.43708688169164,40.76813289172382],[110.42918473033718,40.774095823790866],[110.42167214260476,40.782131756435646],[110.42800824754094,40.78890530107633],[110.43786987009668,40.79328242769124],[110.44692591228493,40.79998505072098],[110.45297401111229,40.80699440219187],[110.45755288744466,40.814967223912525],[110.46122581792119,40.8229559479028],[110.46760930690105,40.83065287581248],[110.47745875794976,40.8345622954745],[110.48797397905007,40.83984252070787],[110.49433132593926,40.846843290967236],[110.50333825379556,40.852161381738895],[110.51372529468948,40.85444316817304],[110.52603380961975,40.85228443818075],[110.53606080164812,40.8464914137068],[110.54429609407252,40.841200098211395],[110.55310202886479,40.83520377308793],[110.56160450657495,40.82921394916612],[110.57044896652863,40.824137004738915],[110.58168894682873,40.8185422323039],[110.59210390535468,40.81480894920549],[110.6028929110378,40.812683018019975],[110.61556730033206,40.81212379658133],[110.62862774510629,40.81340154925926],[110.64027475796759,40.816794390791536],[110.65099475522092,40.819747801095886],[110.65914662025446,40.82599686994796],[110.6658317801806,40.833211630483966],[110.67513008186215,40.83804969120605],[110.68430189899652,40.833647676133836],[110.69127316503761,40.82746029890005],[110.68938601286352,40.81942499581142],[110.69200896708423,40.81081420869183],[110.69864203591428,40.80393912118416],[110.7062019761601,40.79750167698829],[110.71723284375189,40.794207958231226],[110.7267877541309,40.79810505224661],[110.73695943117089,40.80222104636202],[110.7494604704413,40.80442611832349],[110.75997452006831,40.802989047744276],[110.76977450379336,40.79925615393015],[110.78027644663278,40.7975872763553],[110.79076385433746,40.801916886463566],[110.79505535611719,40.80942468056617],[110.79880928843343,40.81832834300736],[110.80432224077799,40.82602643780284],[110.81215142715646,40.83158743379583],[110.82177343945318,40.8366324921647],[110.83264864744771,40.83633211835424],[110.84345638567004,40.83465013639887],[110.85699440786658,40.83311822883324],[110.86849549775316,40.83325937986528],[110.87806367473407,40.837149597316],[110.88908788954203,40.83984021131998],[110.90051020036145,40.838367673982525],[110.91238796609622,40.83387336657503],[110.92355285165051,40.83332706695665],[110.93960916176559,40.83379352156437],[110.95082013301774,40.83416519193713],[110.9603823788671,40.837819015474224],[110.97116492581367,40.841665462059396],[110.98332982614785,40.84293042752407],[110.99144908594018,40.835999117786514],[111.00251258515917,40.83937453918953],[110.99991361118269,40.847766485536575],[110.99919871765921,40.85748575328225],[111.00530336433866,40.864468770788136],[111.01258443050943,40.870724050557165],[111.0213771342373,40.87693804137888],[111.0329209339006,40.87775439890287],[111.04435927679863,40.87649876710745],[111.05348113356499,40.883157999183126],[111.05787603589634,40.892038078307905],[111.05773571884406,40.90105132775644],[111.06212025321943,40.909701337187855],[111.07145545920612,40.9145058201373],[111.08307794758606,40.91670276803736],[111.09536772219641,40.914257852291556],[111.10704047037046,40.91160292365428],[111.11904948734441,40.909624312699485],[111.12517127385895,40.916601889348996],[111.1343268933295,40.91217105347786],[111.14408454180632,40.90771811512615],[111.14903527476662,40.91542326039448],[111.14734624332584,40.92356339691819],[111.15406518930367,40.930288062360454],[111.16496531900948,40.930188890799464],[111.1734530544735,40.92462168805395],[111.1821922172292,40.91811594339491],[111.19098070093975,40.91253452706682],[111.20069773588091,40.90738689457705],[111.21150753045175,40.90567301099536],[111.22119182390324,40.91115246791605],[111.22941514408849,40.917595046946744],[111.24116985497031,40.916542811366774],[111.25317731923468,40.9145513194691],[111.26430163080211,40.913054221443495],[111.27540120649537,40.91109142906949],[111.28649926925911,40.909127676891224],[111.29695412587866,40.906490385600705],[111.30638740267835,40.90180359325442],[111.31689166432542,40.90008950664121],[111.32794842103043,40.89742735330918],[111.3403038356031,40.89634346598972],[111.35211898700099,40.8964312204369],[111.36377263643308,40.89906223342444],[111.37229640666244,40.9052607632035],[111.38220422906453,40.90910367912589],[111.39336394714876,40.908280845683706],[111.40241749982627,40.91307425818273],[111.40801332973754,40.92098105965329],[111.41337435518017,40.93004719824786],[111.4249833243876,40.931752304831754],[111.43513403778302,40.93442708650069],[111.4444694778508,40.938743750596316],[111.45496259443891,40.93678793542399],[111.46498103870267,40.93184050485291],[111.47535313068283,40.92780331354397],[111.48976170163932,40.92548027098071],[111.50085738286398,40.923502000132096],[111.51175575828567,40.92337267682278],[111.51644407626586,40.93107275866579],[111.51391436374682,40.93970622009739],[111.52384762389622,40.9437636469928],[111.53403048954765,40.946895115756334],[111.54527516597688,40.94744365910192],[111.55843451343031,40.94446478295747],[111.5675265585927,40.93930748051573],[111.57632730025283,40.934389159600286],[111.58633715935495,40.92943204798382],[111.59664775687935,40.924464593155115],[111.60731375613403,40.92040695030109],[111.61838971587976,40.923268114236606],[111.61491224948962,40.931012147131725],[111.61901990643821,40.93895776744363],[111.62843681642727,40.944415547924],[111.63885662652649,40.946374046743486],[111.6503916568624,40.946673412774174],[111.66181464806574,40.94512676946331],[111.67525821125942,40.941891324112625],[111.68643365681996,40.94127693113786],[111.69380843367843,40.94795312509664],[111.69829788276508,40.95704129195186],[111.69823798850265,40.96605572508062],[111.69691152988281,40.97418929414808],[111.69166605004267,40.982689519985854],[111.68764185777049,40.99137602227475],[111.69449968534772,40.99946161611355],[111.70185328365166,41.00567765301567],[111.71139592725841,41.01297473939897],[111.72125739706296,41.02049135150977],[111.7308964014333,41.02431707355098],[111.74216863132595,41.02507808047446],[111.75306777642557,41.024697681291556],[111.76272338749958,41.028751041655404],[111.76919087057625,41.035227875785765],[111.77311808317047,41.04479444130939],[111.77439319596938,41.055610443768636],[111.78266628332486,41.06179218165291],[111.78918152388135,41.06895847952486],[111.7909078616635,41.07721916464569],[111.78880953247167,41.08746017464493],[111.78071005054402,41.093984880738695],[111.77972181882096,41.102570745627624],[111.78854255955181,41.09787115957712],[111.79920665498577,41.09842161095719],[111.80773346416272,41.10366708908015],[111.81422617754548,41.11037227950404],[111.81897278249846,41.118292846784335],[111.82584262360878,41.126137907285425],[111.83410052691234,41.13185659014654],[111.84565017861684,41.131907989604855],[111.85663716959516,41.13266898827085],[111.86195384210002,41.13987745414644],[111.86883776681704,41.133388091069435],[111.87312084560844,41.12421937471929],[111.88248686574835,41.11856772149586],[111.89342448330906,41.113784286013214],[111.90405895555048,41.10901021679212],[111.91708563997061,41.103683359344984],[111.92839518663574,41.100036976952474],[111.93923202398501,41.09849000534756],[111.95130817112,41.097356033614],[111.96146297698115,41.094673190367836],[111.97110617755717,41.088774626927574],[111.98009628837633,41.08220169633905],[111.98816182111148,41.07543419198104],[111.99566518688957,41.0693819697626],[112.0030772099258,41.061940014708576],[112.00894337302464,41.05409498113912],[112.0135069996306,41.04491633459087],[112.00782116962,41.03680550585396],[112.00418083023969,41.027461380189074],[112.0032343001553,41.01755771550308],[112.00536139374141,41.00823413499534],[112.01060216523409,41.0001851551467],[112.01709844868677,40.99277922364781],[112.02584533619891,40.98736902373833],[112.03740340551035,40.987862817358135],[112.04778188556091,40.984242623737],[112.05806863739853,40.979236943851866],[112.06715852282417,40.97450332491317],[112.07765392643657,40.96810077818279],[112.08574318638846,40.962017987736175],[112.09752379867736,40.9613454120693],[112.10844507934948,40.966018752639314],[112.11589642064146,40.95949562543287],[112.11322943399237,40.95127759836347],[112.11724507919315,40.94326346924525],[112.12095809404035,40.93526914067621],[112.12376237331762,40.92730283027754],[112.12686933132149,40.91932565430366],[112.13499527415334,40.913934528788005],[112.14246965639413,40.9078702018303],[112.1404207567458,40.899861472960865],[112.1330571555996,40.89390194169033],[112.13833793747315,40.8867686445486],[112.14487152889608,40.88027705547578],[112.15226466470413,40.87306247979457],[112.15935345925448,40.86585848063019],[112.1630269046212,40.85739917036206],[112.15537906257671,40.851682159622854],[112.15566884473661,40.84242792719547],[112.16089763990917,40.83460419428172],[112.16455374902915,40.82591066951654],[112.16129825145217,40.81794678407894],[112.15418120999739,40.81105827948439],[112.14679325501363,40.80463575351135],[112.13853385590738,40.79871439655822],[112.13491836466677,40.78984113586735],[112.13727747014178,40.779812563549854],[112.13188350775539,40.771469077155395],[112.12210531532727,40.765371220268605],[112.1118312748905,40.76090848548104],[112.10113811030557,40.75923500821615],[112.08958657627515,40.758282760772076],[112.07824493783916,40.75593899470629],[112.07056919848073,40.749527588290995],[112.07209100750597,40.74045719038764],[112.07795436495317,40.73307629830189],[112.08446442293041,40.72635904004995],[112.09157692963169,40.719619952017126],[112.09892776784156,40.71194996486314],[112.09865321158385,40.70318325523576],[112.09031695695843,40.695870742639336],[112.08258466407345,40.688536253081466],[112.07601450877685,40.68046861050294],[112.06858755907884,40.67312263164598],[112.05775788462364,40.66914170663607],[112.0464622345376,40.66725514274027],[112.0379542254698,40.661798605119],[112.02756325760676,40.65987393808388],[112.02460108517727,40.65143749692409],[112.03264476284255,40.645130378971416],[112.04035621525179,40.63837355877095],[112.04775021775924,40.631397033476674],[112.05566942408606,40.623244629952175],[112.06278851018577,40.616737881484596],[112.06928976837386,40.61002677227556],[112.0751127949195,40.602182705610915],[112.07694783458575,40.59333287784686],[112.07044697464472,40.58618543042531],[112.06053228088423,40.58217298971948],[112.05000193680998,40.577946670257035],[112.03917222431407,40.57373011704552],[112.02900501084743,40.57041560523891],[112.02998654696233,40.56229287763623],[112.03964413975581,40.55777663967763],[112.04901451385267,40.55349574246735],[112.05955638652972,40.54871160657816],[112.07093818789494,40.54297034051296],[112.08092118084285,40.538895594591374],[112.09052699516515,40.53368130820501],[112.09891322565751,40.52828406716098],[112.10692199106049,40.52174309025233],[112.1151990931928,40.51472652842276],[112.12349109718954,40.50794384797182],[112.13173473561683,40.50046651025889],[112.1396304400526,40.49230989925797],[112.14676010485968,40.486263534496764],[112.15504597489198,40.47947895943178],[112.16275811157053,40.47317554139965],[112.17077052040754,40.46686070986191],[112.17962158177602,40.45958847197462],[112.18453568603634,40.45200782317925],[112.18914744828078,40.444438062245226],[112.19563714027566,40.43794694069745],[112.20298070096807,40.430732825882764],[112.20945263962857,40.42401572256472],[112.21587801414968,40.41660421213073],[112.2217320494766,40.40967882079358],[112.22629075135755,40.401413926836156],[112.22936430304267,40.39343876248831],[112.23456880885549,40.38584555256613],[112.23732440239606,40.37765159139879],[112.22932783909896,40.37057405680395],[112.22992180846992,40.361543147593835],[112.24029543711183,40.359288570195865],[112.24549639108821,40.35169515813521],[112.24454272019486,40.34203047218625],[112.24882623444033,40.33424061470211],[112.25312443135573,40.326680499834154],[112.25710754550083,40.31890159461434],[112.26198753131808,40.311084631708724],[112.2628775510111,40.30204289815989],[112.26156037969533,40.29147066991173],[112.26676886172461,40.28410671640166],[112.27257608323863,40.276715678795796],[112.2774527069393,40.26890291079961],[112.28727718937499,40.263199535850404],[112.29846990413184,40.26437411340481],[112.30903251801453,40.26511062577516],[112.31980044092859,40.268838317660695],[112.33036508122534,40.27395980470183],[112.33886588688736,40.27962858301365],[112.34761972216204,40.28459148270983],[112.35691003418127,40.288607240618894],[112.36748011105406,40.293725669246285],[112.37713707605019,40.2986477548383],[112.38617937155712,40.303366767882025],[112.39463960244069,40.3083379411147],[112.4037962977298,40.314664420922334],[112.41448006149139,40.317005199801244],[112.42583709638343,40.31607951253094],[112.4376812336009,40.3135209263575],[112.44857723066539,40.31030214415112],[112.458190814616,40.305984532108056],[112.46783689861432,40.302125776321915],[112.47718220318241,40.2982734604354],[112.48800780692025,40.29413211018188],[112.49760170705672,40.28958169933978],[112.50661066167828,40.28527939328845],[112.51774970621243,40.28135350437512],[112.52835328845526,40.278373946560606],[112.54047057850165,40.27555955923029],[112.5511716784621,40.27396129021586],[112.56371908286735,40.27297556266362],[112.57485192612762,40.26904463583723],[112.5844537790694,40.26471289863231],[112.59518623501015,40.25941343934263],[112.60533415786925,40.25436235644405],[112.61451469817237,40.24843199139655],[112.62369521645822,40.242500944589814],[112.63287315501053,40.23656927463473],[112.64088609994809,40.2311448199493],[112.64946420058185,40.225236119294195],[112.65950261286112,40.218802221547634],[112.66964033749436,40.213750602319045],[112.68004222257802,40.20822649064869],[112.68954526643108,40.20273812996201],[112.69927816874613,40.19631334935881],[112.70811079194385,40.189924603755],[112.71759236483743,40.18420444888471],[112.7297723483171,40.18252507620651],[112.7412671899641,40.187804047392575],[112.75119985457255,40.19222475711688],[112.76264607416994,40.19680806584603],[112.77369196256363,40.20002430149047],[112.78558508119649,40.202513050131124],[112.79802543499143,40.204277519826874],[112.80955056662599,40.20585302079218],[112.81749950936629,40.21174333888145],[112.8257485271945,40.21761615477706],[112.8290493052794,40.2255576306927],[112.83087155900495,40.23379603914925],[112.83267772950765,40.24180020690733],[112.83576804986824,40.250907441494746],[112.84085100598601,40.25853925090391],[112.84563544961391,40.26618348573387],[112.84959283285438,40.27478882289352],[112.8523528074751,40.283449005537165],[112.8556768885377,40.29162001519545],[112.85905562811826,40.30048019444592],[112.86306746722609,40.30977467506849],[112.86618229386882,40.31911147945007],[112.86834662125912,40.32779691983371],[112.87049394252121,40.33625264964318],[112.87496947705822,40.343679199495455],[112.88350121133047,40.34907678686207],[112.89342941312424,40.35302727363888],[112.90422224938953,40.35647482532399],[112.91589859586492,40.359653438738064],[112.93004400948342,40.36364326719654],[112.94103332401174,40.36569185868916],[112.95168771194959,40.36729281447125],[112.96338566596128,40.37069675870079],[112.97538432188904,40.37408672766879],[112.98710125819215,40.37771824201779],[112.99781220774119,40.38000451249983],[113.00882405408078,40.38228140060734],[113.02064652292324,40.38336056995413],[113.03151499942528,40.38379300409221],[113.04451870196557,40.38458356679458],[113.05815993452126,40.38581054603884],[113.06945579915892,40.38783475358865],[113.07960770458988,40.39060422171355],[113.09249650528459,40.39371380268985],[113.1047860717679,40.39684396212255],[113.11584038376769,40.39957088349109],[113.12625845293341,40.40185938545544],[113.13613222575601,40.40487180157437],[113.1496631006888,40.40840388176296],[113.16162017126665,40.411082343954725],[113.17329782825271,40.41400723377296],[113.18409421013476,40.41720097326768],[113.19427306885619,40.42019090028643],[113.20445164906751,40.42318003157247],[113.2154946329031,40.42566846917937],[113.2263530756883,40.425849632592794],[113.23784813858107,40.422768737027376],[113.24649365066982,40.41796643265078],[113.25189291965714,40.41031743574701],[113.25717953896623,40.4012809256942],[113.26304559041915,40.39199192461881],[113.26836732068445,40.38341903004017],[113.27363080039727,40.374152371698685],[113.27904430625858,40.36673218946698],[113.28563675643834,40.35902306582475],[113.29256426633549,40.3517594203537],[113.30022251672717,40.34607592050207],[113.31007211183656,40.34144908638146],[113.32050024321731,40.33655535092414],[113.33064666384928,40.33191321864398],[113.3412053010685,40.32863008839038],[113.35206860067818,40.32903447826218],[113.36334470394253,40.33080222036389],[113.37404133842583,40.33282631379409],[113.38745435539686,40.33495425800713],[113.39937083003088,40.33715030129365],[113.41216711090121,40.33906921270926],[113.4246452645078,40.340775621716354],[113.43558691199935,40.34209144507351],[113.44840397412199,40.3442363251665],[113.46118362882295,40.34592504061704],[113.4718466993298,40.34748140938162],[113.48247095031041,40.34857754702769],[113.49337583119613,40.34942897177974],[113.5058382335295,40.350893069518015],[113.51750039009697,40.35355583240305],[113.52634182558216,40.35843120887879],[113.53550376691013,40.36352592038919],[113.54420539828024,40.37026062542894],[113.55049082454406,40.37688385308156],[113.55775515971749,40.384382590038186],[113.56616062992182,40.391130223027275],[113.57555147840027,40.39528914466446],[113.586042764749,40.39823263100667],[113.59465420432669,40.40381120752515],[113.59836636153783,40.411948680644926],[113.60089968301517,40.42037336230434],[113.60819359813429,40.42810365225188],[113.618190527404,40.43222167536332],[113.62962864290553,40.43557759721223],[113.63936736808313,40.44017678874611],[113.64978770869158,40.445660327492874],[113.6598300520464,40.45023889936285],[113.67009321287368,40.4538834876212],[113.68073650900092,40.4584313323366],[113.69020286229471,40.463270861790555],[113.70032931789584,40.46876493500022],[113.71057971570202,40.47564516438921],[113.7208726076311,40.48297938638145],[113.7298449858702,40.48899823697198],[113.73949931028565,40.495901165296026],[113.7473138812895,40.50244162287718],[113.75461227854699,40.50992975352127],[113.76281095982287,40.51736870210412],[113.76660944244506,40.526191042395325],[113.76772567891975,40.53538529673454],[113.77814271542712,40.53716016709577],[113.78815122091221,40.534336457537236],[113.79694988206109,40.528098194343656],[113.80330384036866,40.52152818792133],[113.81105554516573,40.5137260954672],[113.81852603017128,40.50617266115979],[113.82517759997398,40.49958672475076],[113.83373027856237,40.494054485546314],[113.84400103361953,40.48750869465977],[113.85120684305183,40.48042776045965],[113.86238380965078,40.477299603456366],[113.87236092598009,40.48094264018023],[113.87988519694329,40.487485231343506],[113.88653203656804,40.494306785853],[113.89270437284735,40.502540562528104],[113.89763539658135,40.51037530080622],[113.9040274705634,40.517674985449226],[113.91190045275884,40.52466002345091],[113.92277877959937,40.531488370963686],[113.93259044069845,40.53652434343534],[113.94305350322449,40.53874471977821],[113.95465618397628,40.540214297545134],[113.96525282307317,40.540580495224624],[113.97763072709868,40.54061980746936],[113.98872240723175,40.53980074829166],[114.00052493812548,40.53685895233513],[114.01090958605413,40.534915991995845],[114.02291823101272,40.537516501573705],[114.03372399643206,40.543412248320074],[114.04187082672449,40.5499145507441],[114.04765803364597,40.55700848467731],[114.05020548461259,40.564965935706674],[114.05041428918045,40.573745165378334],[114.04849781211539,40.58240323760776],[114.0448416358668,40.591852107918704],[114.04017568939881,40.60019920628445],[114.03424306963345,40.607919056827015],[114.02734282548641,40.61499608719255],[114.02067924561425,40.62136390034052],[114.01405569935416,40.62819524959727],[114.01458175176707,40.63718488711434],[114.02301700264924,40.643444015399346],[114.027670566371,40.65129018751381],[114.03116403492565,40.65966635468738],[114.03472182221769,40.66872693986997],[114.0367132868877,40.67718030497051],[114.03747933600235,40.685465912480055],[114.03809410442865,40.695379144905424],[114.03816981364082,40.70601692236331],[114.03500141627451,40.714283041169026],[114.03277886306425,40.722962134365126],[114.03053450513767,40.73141160072416],[114.03426899219754,40.739074945849524],[114.04065183552382,40.74590556094765],[114.04763816842448,40.75270494831851],[114.05931856774019,40.754624516190695],[114.07188294788295,40.75626667720575],[114.08423233546675,40.758841811911466],[114.09711981627137,40.76069105398325],[114.11054606688174,40.761818723178074],[114.12012026231585,40.75737118937279],[114.12575500078314,40.74966165839935],[114.13080825930706,40.74221745894749],[114.13618268047703,40.734982572655696],[114.14295285393867,40.72652076811081],[114.14925044119386,40.71946794018351],[114.15485752950431,40.711527777314515],[114.1606991189373,40.70288278653798],[114.16606834735929,40.69565142238371],[114.1728961651553,40.6878772752975],[114.17970235685846,40.679868614606264],[114.18508938258285,40.67286625974779],[114.1916124795375,40.66510708604778],[114.19790009127685,40.65805227684659],[114.19498928200179,40.64965365101884],[114.20129620576351,40.642832961659636],[114.2104602048351,40.63747200749341],[114.21859137934104,40.630775844254465],[114.22676396826512,40.62454296132109],[114.23861988248176,40.62528156098815],[114.24905450200595,40.62378233109677],[114.25662298369673,40.61757944612706],[114.2638016056817,40.61047375961956],[114.27209213518609,40.602380790391294],[114.27331587618053,40.59305786713182],[114.26760680592159,40.58389183133027],[114.26181849901171,40.57703749098886],[114.26467595873342,40.56901700833336],[114.26995887931947,40.56108897312539],[114.27313808163042,40.5532774493067],[114.27232478438816,40.54476489800821],[114.27294675869533,40.535474585334214],[114.27403742277481,40.52477486380027],[114.27255817264783,40.515605886470205],[114.2696222192665,40.506976187271704],[114.26499580242283,40.499599387245404],[114.26300477476241,40.491380841929775],[114.26459335072944,40.482736316292346],[114.26927014423515,40.474841001385876],[114.2744579413015,40.46599529918777],[114.27578884536264,40.457825980594784],[114.27583146179327,40.44880261638531],[114.27716189376366,40.44063343101493],[114.27898148660393,40.43127997267248],[114.27941219971116,40.423158981107264],[114.28104130171343,40.41497393806994],[114.28438072292799,40.405765474959864],[114.28812895446048,40.39769318130599],[114.29567074714214,40.3914938973571],[114.30387584969226,40.385946133454965],[114.31670799912214,40.38152876487894],[114.32639366952819,40.38515123574069],[114.3358929328147,40.38994125332991],[114.34615919476335,40.38705256270403],[114.35534722955138,40.38237098291274],[114.36470162363541,40.37629531759496],[114.37356554717988,40.37139915249023],[114.38517292242462,40.3730579363519],[114.3948831576347,40.3769045712306],[114.40560568310958,40.38184902254915],[114.41319100011731,40.38859264930751],[114.42313702532614,40.3917277239055],[114.4340587013315,40.3924967042817],[114.44423157858819,40.38868186101787],[114.45300318954244,40.38286186968251],[114.45737505694571,40.37520630808411],[114.46232384992393,40.36729267096713],[114.47214709022377,40.36302858872507],[114.48165152287805,40.36780743390896],[114.48945169462593,40.37360726893679],[114.499325859135,40.37905678793067],[114.50857287500429,40.37505688852648],[114.5163699951731,40.36859381106835],[114.52025393693192,40.35911678227242],[114.52240893547791,40.35043238465793],[114.52212164719235,40.34142653894115],[114.51999306050863,40.332065981373745],[114.51420106862324,40.32522511283899],[114.5082957690735,40.31724116342098],[114.50375358937023,40.30778364868245],[114.49872676760076,40.29951562931983],[114.49047672196933,40.29212242121734],[114.48042752056928,40.28784114484297],[114.46929547184409,40.28477695232228],[114.4572225524089,40.28130214513564],[114.44800658801535,40.27628047320525],[114.43791800654436,40.271532306301765],[114.42596762288458,40.26619773812613],[114.41656976665168,40.26073850018555],[114.40630504895736,40.25575105079305],[114.39451645022181,40.252024440726196],[114.38461169372394,40.249117041644936],[114.37969400546103,40.249495596807954],[114.37356873571593,40.24997104489829],[114.36293485423919,40.25195534127159],[114.35146900846675,40.254684892656286],[114.3408015899152,40.253204090751616],[114.330112238849,40.25148836038543],[114.31935758097204,40.24908771178721],[114.30939098593531,40.245481266944424],[114.29970148233151,40.24162849407759],[114.29434022411819,40.239075893622704],[114.29056752724959,40.237279327017944],[114.27866340072103,40.23539843544936],[114.26652624869246,40.2342254589373],[114.25550563181983,40.235298480826536],[114.2491615590375,40.23592522945063],[114.24287438400249,40.23206901434199],[114.23824616710493,40.22446369344783],[114.23321111616579,40.21572210257601],[114.22518834643132,40.20714840099022],[114.21499765358415,40.20424350224961],[114.20271484845136,40.20144871400439],[114.19150370026134,40.20044587911181],[114.18029313739031,40.1994465368994],[114.16867507508503,40.19730987621993],[114.15733565540836,40.194922341034584],[114.14610464043726,40.193685890548295],[114.13495859365558,40.1933710884074],[114.12357930029648,40.19375946477076],[114.11198589514716,40.195085078771065],[114.09708265554946,40.196356117007475],[114.0849332041007,40.19816944214562],[114.07122437808826,40.199375146377704],[114.06131915521755,40.19620806342172],[114.05525953857838,40.18913729966232],[114.05987650706462,40.180563497387745],[114.06805645525404,40.17156938402209],[114.07595683375929,40.16281536052135],[114.08219162765583,40.15554488892772],[114.08518148342688,40.145671041342524],[114.08772179877764,40.13743951481051],[114.09141405901627,40.12868664457454],[114.09173568153504,40.11918704251481],[114.08713018246463,40.11157689038707],[114.08307982007379,40.10347197528446],[114.07907420564122,40.09583048300033],[114.07071811155994,40.08980801789611],[114.06012416649601,40.08552465216758],[114.04959480110792,40.08193346052171],[114.0368483363867,40.08031010062465],[114.02561204697146,40.08206658484592],[114.01773917636616,40.087808544759234],[114.01082271144482,40.09418799397124],[114.007975877055,40.102433034286705],[114.00608833377868,40.1113205069176],[113.99985077592633,40.11859134730395],[113.98803112745122,40.120609250182994],[113.97989429287759,40.12682340982367],[113.97188338940892,40.12123788045418],[113.96631110587343,40.11275093461805],[113.96462188284966,40.104056318213644],[113.96269593759222,40.096065656922654],[113.96004867562705,40.086728334101394],[113.95925583155442,40.07798808172696],[113.95671354781763,40.0697984865761],[113.9508279080591,40.061096944700424],[113.94393686157127,40.054526360050474],[113.93619309143627,40.04846461411954],[113.92710523036517,40.04409401848543],[113.91377943832427,40.039250819658804],[113.90651295273445,40.03177529680511],[113.90904823481713,40.02331875520193],[113.9200017818556,40.02181757679391],[113.93302066135573,40.01997059071774],[113.94635730802311,40.01833656421906],[113.95764937818862,40.01727587373558],[113.9692384560448,40.01619439730313],[113.98082674061504,40.015116367465005],[113.9945027794619,40.01392083955345],[114.00753929227183,40.012300074340466],[114.01634254157707,40.00697193378919],[114.02214455614609,39.99833936083207],[114.02517815308921,39.988927327518645],[114.02721121967788,39.978414064567],[114.02728504639443,39.96939478382448],[114.02737879849643,39.96060510503534],[114.02838814251325,39.95199869724607],[114.03624597909403,39.9462612337328],[114.04692615497018,39.94845623467378],[114.05633538472222,39.943324117141074],[114.06829553056312,39.93990308492847],[114.07857349874219,39.93773059582278],[114.09004114928425,39.935486007808315],[114.1037643751729,39.93497145651323],[114.11478495133676,39.9343711294277],[114.12697561459379,39.933473201108505],[114.13518585390146,39.92840230463755],[114.14332949956516,39.91940066355632],[114.15389992850562,39.91720627191555],[114.1651503220163,39.91589285469356],[114.17584853237179,39.915073371547656],[114.1856065918688,39.910604191392395],[114.19202069478487,39.90239165713861],[114.19732830148476,39.89516450638674],[114.2053997171194,39.88870788464019],[114.2162228231043,39.889261660133734],[114.22774940868919,39.89093444998416],[114.23866109957835,39.89240851264172],[114.24937643616569,39.891812152436664],[114.26100593027591,39.89139638906779],[114.27210692561432,39.89169980065788],[114.28503645927302,39.892364930877235],[114.29586098661632,39.892916236805114],[114.30693936677781,39.89298713165897],[114.31831626959517,39.8930408859745],[114.33028798755392,39.893061320267954],[114.34612819176836,39.892861262675005],[114.35718565940209,39.89269818439668],[114.37060053638885,39.89217031840978],[114.38081837101652,39.8895094890899],[114.38686730937197,39.88084442934836],[114.39085287154515,39.87252717470992],[114.39367024036163,39.86450443746659],[114.39827049438513,39.85637938106133],[114.40078953716872,39.8483773903488],[114.40422142842439,39.840551365184524],[114.41140782946306,39.83135685495889],[114.41885897576732,39.82491933620617],[114.42164817119225,39.816666906972614],[114.41810623107409,39.80785402269069],[114.41408027756385,39.800220832176535],[114.40971557499066,39.792149533813266],[114.4002088943077,39.783442572054355],[114.39765182063356,39.77549794677631],[114.39580759322655,39.7656602936805],[114.39659407698166,39.75521264229998],[114.39787658382343,39.7468178018437],[114.39936710544028,39.737484626126445],[114.40067112654016,39.729319261876746],[114.40243549242224,39.7197404816549],[114.40426690788057,39.71084985352262],[114.40623848964658,39.700332794040506],[114.4076384437374,39.69008232298005],[114.4078957620727,39.68036049307706],[114.40673550934315,39.671408518777895],[114.4073555873941,39.662356380182096],[114.41476735240607,39.655692843713474],[114.41983594210598,39.64638643580215],[114.42221166937398,39.63700233859412],[114.43439417909126,39.636535336144206],[114.4455677463472,39.63797452016886],[114.45713529397334,39.63730873024837],[114.46982125163107,39.63588563546601],[114.4807719340784,39.63502351057975],[114.4931381782015,39.63338290416239],[114.49990213619846,39.62628647411806],[114.50420277976933,39.6184093395868],[114.50750080629327,39.60943282076394],[114.51366897075752,39.60237112393051],[114.52225097741811,39.595630559071324],[114.50859777360333,39.49239581708528],[114.50449155650966,39.48384996686624],[114.50577955282323,39.47568498436638],[114.5082728553909,39.46768084478809],[114.50592091608877,39.458801909461506],[114.50274857050655,39.45066291070132],[114.4970754233643,39.44128485016376],[114.49299568297705,39.43296822900639],[114.48577402757999,39.42599117328863],[114.48076398701092,39.41726515924306],[114.4809664304794,39.40708412012266],[114.48096112074951,39.39783698022301],[114.47724787835834,39.39019378970965],[114.47026139215727,39.38250928363229],[114.47645769336276,39.37590921997829],[114.47383850725765,39.367278300863134],[114.4701051400625,39.35940347787122],[114.46369687495132,39.34844764836286],[114.45682680792618,39.341911416239874],[114.44561616289016,39.336549692732454],[114.43792958481397,39.33075188224707],[114.43335962985476,39.32338848124534],[114.43106446618515,39.31496988053517],[114.42649601095187,39.307604043594594],[114.42077006040692,39.30053731185415],[114.43100105323536,39.29578874507753],[114.43585862567018,39.28765138490133],[114.43360848117155,39.27969163469653],[114.42872474839986,39.272115374035415],[114.42588609703735,39.26418829005205],[114.42091616477663,39.25569228082349],[114.43319878130728,39.253831038268856],[114.44468426924136,39.25293728591121],[114.45614644691612,39.25181093412291],[114.46552791114625,39.24756980677614],[114.47394104531585,39.239456074352205],[114.4716660801454,39.23126795758559],[114.46444473847718,39.22405893584698],[114.45833758879051,39.21609360322077],[114.45420685162127,39.207086762443446],[114.45012259135352,39.19854063539924],[114.4446756152204,39.19122975467871],[114.43239705404432,39.18685468681212],[114.42215323096887,39.18513412484877],[114.41079617845321,39.18417048515049],[114.39937480666005,39.182515565413105],[114.38847709964732,39.18013688590938],[114.38076605236927,39.1738752215594],[114.38024986684556,39.16535433324202],[114.3808913519653,39.15653685911289],[114.37572662432389,39.14897528521954],[114.37029055973227,39.14166130943065],[114.37672615268703,39.13459014717354],[114.37713889101161,39.126479252948656],[114.37081996965864,39.11921416902768],[114.3685599945572,39.111024709055286],[114.36806748074468,39.10273336744427],[114.36399881061145,39.09418487300675],[114.35609167593837,39.088859881251345],[114.34296316509857,39.08776235194552],[114.33680073868761,39.094583866767934],[114.33339594707179,39.102401842489456],[114.32817944030003,39.10986248197423],[114.321107917556,39.11650465269874],[114.31466846728148,39.12357057415122],[114.30590425540481,39.12799477945156],[114.29426320251864,39.12703869682208],[114.28688258421899,39.12098455340831],[114.28488418403026,39.11231658105269],[114.2747974449006,39.10895803455583],[114.26499867813492,39.1023494936751],[114.26626308644971,39.09372805786923],[114.26243644281426,39.08447005618753],[114.25758323012117,39.07688783345551],[114.24687092098547,39.07310033934041],[114.23261138448855,39.07251564952403],[114.2209529574592,39.068085664486695],[114.21471950066716,39.06150294186256],[114.20216465336802,39.06012705851934],[114.18998988200669,39.059651392536836],[114.17947833048069,39.06116185722021],[114.16902695596936,39.060126284674055],[114.15674619785953,39.058496158808325],[114.14492931949324,39.05869055646359],[114.13353330661522,39.06024642631317],[114.12287424045242,39.06337754287334],[114.11351720837871,39.0678213564677],[114.10369677268851,39.073676206865116],[114.09576785879861,39.080812915409865],[114.08905659426033,39.08834337564059],[114.08316541800288,39.09513428618127],[114.07533676829296,39.10341876998125],[114.0667714636904,39.11012604211849],[114.05807765463375,39.11545440865696],[114.04803581975405,39.1222400929988],[114.03904485101535,39.12758259213978],[114.02818463772041,39.12863682822281],[114.01774706317853,39.12781765400698],[114.00564905784498,39.12500785715014],[114.00054545523216,39.117662284330564],[113.99944297714683,39.108712064945436],[113.99036204509156,39.10319542880021],[113.97839842755893,39.09853048908875],[113.96796525120251,39.097707094836295],[113.95725872105375,39.09712966878325],[113.9454831743524,39.094528108599064],[113.93815477769924,39.088684725512714],[113.93152612473389,39.080724278504775],[113.9250421321255,39.07437363150958],[113.9148255961066,39.07261081462402],[113.90173849783702,39.07515790370779],[113.89055680736708,39.07252089372476],[113.88507227293759,39.0640343877538],[113.87958876290509,39.05554994044667],[113.8724620447373,39.04853630078194],[113.86333699584017,39.04232229763067],[113.85431388737895,39.0372590743476],[113.84527237336563,39.031963541853926],[113.83605971487202,39.0280608301433],[113.82762921486126,39.022963508668106],[113.81990101017136,39.01574968756766],[113.81038968803722,39.00839757687877],[113.80221719289932,39.00282264690839],[113.7932642366322,38.998443145988766],[113.7825468103908,38.994156454221475],[113.77332175563467,38.99001971838931],[113.76907245615793,38.98192799187006],[113.7709200545988,38.97259235494204],[113.77306208490086,38.96324190517811],[113.7736733164307,38.953277314390405],[113.77585381915098,38.94438795075466],[113.77864216186698,38.9356960779863],[113.78134974701013,38.92608440648045],[113.7823322223071,38.917024955590904],[113.77710492133824,38.90782910164766],[113.77995147610262,38.89982774966076],[113.7887187235058,38.89543953607502],[113.79997632944595,38.892537421903974],[113.8064447695432,38.88549948513612],[113.80924742601661,38.87703653047246],[113.81429830125647,38.86730080750537],[113.82331386728944,38.862434274085885],[113.83458436133459,38.85976066926343],[113.84393190181751,38.85533865806831],[113.8550196921317,38.850589869356064],[113.85873593376317,38.8425396806513],[113.85888860806675,38.834217539023285],[113.85533798159312,38.82401343085597],[113.85159614493905,38.81497327708254],[113.84564778574587,38.80766738249218],[113.83993463846024,38.79965590002793],[113.83914916051752,38.79069072700756],[113.8394759300158,38.78097322704106],[113.83724402677765,38.77231676073447],[113.82669720919672,38.76964212514018],[113.8161390895333,38.7702014838507],[113.80297419594915,38.767894964668834],[113.79724720610396,38.75965232033288],[113.79032970290555,38.751241642361435],[113.78657937787078,38.74197042699458],[113.78527470489846,38.73372511180668],[113.78474930219959,38.72428407094029],[113.77881465576291,38.71697520414735],[113.77168973797956,38.70949811572335],[113.76035504551278,38.70778410760287],[113.74939172795881,38.70697406545367],[113.74003766191016,38.711159172168664],[113.73264007160093,38.7175490091302],[113.72076292578474,38.7232501661962],[113.72124435910777,38.715143312626985],[113.72526130155313,38.70708075182005],[113.728106120371,38.6990813197738],[113.72938588835738,38.690008505147766],[113.72631063879817,38.68162376309441],[113.72014851989084,38.67155305115605],[113.71234952916322,38.662955147401966],[113.70313005942384,38.658355010391716],[113.69199771541642,38.65546877370956],[113.68119928279644,38.65302790629192],[113.67112563806589,38.65562892974037],[113.66110972968724,38.65891949475668],[113.6509754215422,38.66082625000117],[113.64031424420158,38.659991869778786],[113.62898896348088,38.65826571491623],[113.61866102424509,38.654409644536564],[113.61563856060485,38.646483243189735],[113.6114462058545,38.63861664964798],[113.60830749666304,38.629309388839545],[113.60956213243774,38.6197793353586],[113.60929525259199,38.60963316967747],[113.60686032881061,38.60167564966381],[113.60384123394712,38.593749119193724],[113.59853898272422,38.58663247401663],[113.5893548227281,38.58225324768977],[113.57980223657353,38.576970150307034],[113.57198614475189,38.57136660202426],[113.56641651724028,38.564492261658316],[113.56192095825115,38.55640917106989],[113.56064309467536,38.548162119959315],[113.55784626815701,38.53930057224328],[113.5553233158247,38.53019308926637],[113.55755684259988,38.521767972163076],[113.55733430021347,38.51208085813153],[113.56079330037727,38.50428677549222],[113.56538197010488,38.495969939087516],[113.57240430427792,38.48868532455449],[113.5807855715706,38.483638996130544],[113.58745390451686,38.475677560073656],[113.59028533806215,38.46745268662337],[113.58275377997033,38.46160404098649],[113.57409284503484,38.456275472246666],[113.57158993453781,38.447397956239534],[113.56544457758096,38.44055476906966],[113.55618416146717,38.43502417355474],[113.54618273422543,38.43114800298668],[113.53750913289164,38.42558749441446],[113.53357047510856,38.41701430514617],[113.53113177021056,38.408826411272535],[113.526357631373,38.400756642451555],[113.5333160195207,38.39278420752119],[113.53315580781482,38.38378778075059],[113.53841838886657,38.376595247973476],[113.54812980234342,38.37356096756496],[113.55395640245123,38.366105340812084],[113.5552323298018,38.35680609821897],[113.55360967803537,38.347885696778],[113.55089766398639,38.33994203385399],[113.54810972096081,38.33108087440764],[113.54561403089677,38.32220317423316],[113.54288516115585,38.314032273274094],[113.54097430865575,38.30512602113169],[113.54104614535693,38.29542531663811],[113.54319779550825,38.286081405873816],[113.54777405562857,38.2777658439511],[113.55695162477748,38.2719883552643],[113.5671926570156,38.268463146521206],[113.57211540697004,38.26082268848797],[113.57134820298192,38.25162820744246],[113.56976388986543,38.243167012007305],[113.58083378414052,38.24259813821338],[113.59263939468356,38.243838871092805],[113.60302714554449,38.245613598501706],[113.61456078003894,38.247095951401725],[113.62541675111734,38.247459323086886],[113.63598106167392,38.24783619327054],[113.64710769994322,38.24795160490209],[113.6535945811665,38.241613701770916],[113.65938005597235,38.23392399842939],[113.66982444956462,38.22945602191867],[113.67877311100189,38.22460129927043],[113.68775884131898,38.220209126561755],[113.69931087527976,38.22191269903284],[113.7103949504961,38.221563618975544],[113.72244873087399,38.21885249174679],[113.72378004684937,38.21047143733769],[113.73348119455801,38.2076518372318],[113.74088883494115,38.201950981263295],[113.7387454459059,38.19398239031264],[113.74273291841016,38.18592291555437],[113.7530963700447,38.18745317068484],[113.76370637874146,38.18504555492796],[113.77466737623891,38.18331237276685],[113.7854939178541,38.18342985531848],[113.79837779400172,38.18366946639985],[113.8097478578509,38.18329414916491],[113.82020402288046,38.18250614675341],[113.83060048294804,38.18102931087929],[113.84083739312092,38.177710338338436],[113.84036882888061,38.168959217393024],[113.8387079146867,38.15657957246253],[113.83668621107982,38.1467589275055],[113.83391213129298,38.13836343412247],[113.83014559739998,38.12863689373457],[113.82909766418261,38.11991791946827],[113.8377727529485,38.11552960953629],[113.84807006170085,38.10966607676789],[113.85477853231836,38.102841811806854],[113.86080317048751,38.09489623726285],[113.86958402696744,38.08842246168463],[113.87847121759438,38.079860421133944],[113.88218771217427,38.07227245196767],[113.88634436825689,38.063040164456474],[113.88666299459672,38.053324809440205],[113.88554827917257,38.04391863486079],[113.8861574684705,38.03418825490351],[113.88734666206042,38.02442552326931],[113.88712398693652,38.01520122631473],[113.88841327171394,38.006587227796786],[113.89355647951352,37.998689862969975],[113.90275384604615,37.99380377168746],[113.90940671237878,37.98651581947617],[113.91841893795878,37.9795627648255],[113.92419900248682,37.97232166930829],[113.9294648523202,37.96256665147355],[113.93391885421416,37.95354933893373],[113.93118122693265,37.94561723463027],[113.93016432981838,37.937360289135626],[113.93947328384867,37.933849382299925],[113.95041270016823,37.93232971063347],[113.95971987923835,37.92881950378209],[113.96491122124843,37.921607039336216],[113.96952780201968,37.911195288533726],[113.97227513671346,37.90273126504107],[113.9754397927184,37.89239793731747],[113.97576693975239,37.88291191533237],[113.97209637391849,37.87433662990976],[113.97134556906975,37.86583558148311],[113.97231260215568,37.85700690761081],[113.97356957750507,37.84816294889842],[113.97664525871342,37.84014214396583],[113.98362802318086,37.83352506678675],[113.99325160327706,37.830455574415026],[114.00378397834578,37.82779780930081],[114.01460555154588,37.82512147949376],[114.02377313305504,37.82022859622572],[114.0300893748495,37.81272032737819],[114.03497680662163,37.805520371730964],[114.04170159305731,37.79937394506495],[114.0494606642419,37.791785266078755],[114.05151489136286,37.782204165233544],[114.0502203643433,37.77095911714162],[114.04654693667018,37.76238848345299],[114.04196614424451,37.75340552962611],[114.03949220046664,37.749588467444674],[114.03074771463639,37.75148784423472],[114.0251954731473,37.74463825653847],[114.02059732138905,37.73984085621403],[114.01739277520358,37.73860369521553],[114.00961027378878,37.7327979482901],[114.0184673795933,37.73762066651789],[114.02059732138905,37.73984085621403],[114.02732689387382,37.742440429931044],[114.03691018925004,37.7456040483122],[114.03949220046664,37.749588467444674],[114.04073005417574,37.7493184660434],[114.05056843113832,37.74553897468107],[114.06181142325424,37.74121823238704],[114.0720808983229,37.73903076823118],[114.08385810758944,37.737447960584674],[114.09435342423869,37.73455307643828],[114.10321687626751,37.72966746144038],[114.11230611390685,37.7240778810903],[114.12190955151266,37.72099819484498],[114.13132675599077,37.71585003411724],[114.13888335652919,37.70941975333215],[114.14714226874369,37.70433526866929],[114.15285771347546,37.69685433123111],[114.15326454553366,37.688516554678316],[114.15470419181678,37.67873597380295],[114.15622536946314,37.66987462116255],[114.15178257152755,37.66250508201733],[114.14674250889149,37.654937508144684],[114.14190898374926,37.64643487150972],[114.13571483232572,37.638931831136716],[114.13043017525837,37.631839991692786],[114.13589468877215,37.62483402075628],[114.1398516539753,37.61722074795393],[114.13794968622756,37.60901519016138],[114.13314076569299,37.600741463212294],[114.1295086631091,37.59263193031685],[114.12416599630214,37.58484986408124],[114.11474188612233,37.58006850765142],[114.10859720422508,37.573024834771374],[114.1081440187548,37.564736270279944],[114.10451523983508,37.55662603977404],[114.09759077752074,37.55055002054167],[114.08854416094273,37.54666797863924],[114.08495955694133,37.53901789790173],[114.07966639013623,37.53169461551131],[114.07835072830417,37.52345481458717],[114.07052408083165,37.51696536363912],[114.06121527049547,37.513328263374355],[114.0534119240944,37.507066930265715],[114.04814408396173,37.49997152711598],[114.04394873668681,37.49189262863853],[114.04339984846482,37.48245538873756],[114.04200758773094,37.47329594183901],[114.03896745497681,37.46515060178715],[114.03730683428071,37.45623809049991],[114.03593614673161,37.44730782811308],[114.02958239799867,37.440965578527916],[114.02253185173649,37.433275988668605],[114.0136524100912,37.42453194500943],[114.0032453333554,37.4214148642954],[113.99263236155943,37.41923147605373],[113.98383280315304,37.41463851036989],[113.97874490929907,37.40614470063512],[113.97507783379108,37.39734052940426],[113.97233607659298,37.38918047744229],[113.97033661583397,37.37959227544667],[113.9672936345292,37.36798415820823],[113.96428594468156,37.36006844149126],[113.95640519750155,37.352652265175784],[113.9475967000544,37.347825070954045],[113.93650726467696,37.34335475027138],[113.9265096610133,37.33813046226858],[113.91933135057442,37.33205935424992],[113.91264936077415,37.32503598347704],[113.90909279761453,37.31738069197543],[113.9088506625509,37.30792769297961],[113.90523532725537,37.29958220864774],[113.89861736670416,37.29324812035231],[113.89282388150467,37.28640535017696],[113.88886434445556,37.27738661337584],[113.8866507722672,37.26850213699493],[113.88417046593601,37.259864191344434],[113.88086857342914,37.251732139309084],[113.87641701094503,37.243662435442786],[113.8684986400069,37.235550312677525],[113.86049155166957,37.229750023137626],[113.85409125913225,37.22247907836738],[113.8510419731274,37.213870382303035],[113.8476860097891,37.20504956050064],[113.8461128984765,37.196822216621456],[113.84197491048313,37.188965533844275],[113.83562060255429,37.1821521093517],[113.82700814372332,37.17592311046654],[113.81672122061778,37.17370921856868],[113.80847697430308,37.1683811365486],[113.79803467100635,37.16432680356493],[113.7871423745062,37.16514475688843],[113.77840497878145,37.16076593324464],[113.7790989842112,37.15195609666376],[113.78184011662508,37.143496709689316],[113.78197915639772,37.13494576437389],[113.77861532257276,37.12589139448316],[113.77448810637442,37.11803233643967],[113.77120398675518,37.10989718951431],[113.76992736917109,37.10165402542319],[113.76779228910073,37.09345736784281],[113.77294400970797,37.08625344384484],[113.77993426306357,37.08033844598368],[113.78561932089731,37.07264347219903],[113.78975302826063,37.06364657952725],[113.7910177066857,37.05480470596239],[113.78632023984571,37.04697790381602],[113.78139558161541,37.03985587381347],[113.77891492139423,37.03098405851986],[113.7831825369588,37.02359700142151],[113.79167744649631,37.01852212423041],[113.80189004105705,37.01335300477629],[113.80145272417515,37.00483393135138],[113.7945039041233,36.997589373871016],[113.78524572333856,36.99023818149965],[113.7766003644928,36.983315289579],[113.76751960368665,36.97803320758803],[113.76540765618965,36.97006569824741],[113.76947867836597,36.96037928863971],[113.77526695285607,36.950601691945145],[113.77981757558037,36.94319985298286],[113.78482295251143,36.93438788690063],[113.78992445206313,36.9267244572802],[113.79616944091062,36.91899917857722],[113.80100236225414,36.911579395867655],[113.80109839123818,36.90256966009039],[113.79860037684173,36.89346879568341],[113.79254074843061,36.886408718893904],[113.78495321810179,36.87827597190792],[113.77883650841568,36.87052506041249],[113.77216868172283,36.863034950847066],[113.76398098359063,36.85793289744362],[113.75400507817595,36.85546718299057],[113.7439016295167,36.858320026598626],[113.73454542638731,36.863208596192635],[113.72707725723379,36.87007219190792],[113.72315543735435,36.87813070270778],[113.71877741028098,36.887600999428464],[113.7115334757208,36.893758748882135],[113.70201610404428,36.896805752782555],[113.69544965031552,36.890460204026375],[113.69164866502139,36.882812787135244],[113.68767732030325,36.87309681416575],[113.68425822636013,36.863120022844846],[113.68128034090168,36.85496758271455],[113.68345087227878,36.846539256040906],[113.68788832024734,36.83776267187043],[113.68689295104765,36.82927214060578],[113.67980028037167,36.82341571756522],[113.681131213704,36.81526493509816],[113.67985141635774,36.80679112409222],[113.67485545316228,36.79851336403559],[113.66563336874093,36.794616084718164],[113.6554208489947,36.7926175316961],[113.64886714232523,36.78626930286591],[113.63943711591914,36.78330407964845],[113.62865624590815,36.78133438114335],[113.6236681459669,36.77305440796507],[113.61346139175073,36.76759105010611],[113.6026075508277,36.76469714368887],[113.59712686625309,36.75736667361719],[113.58659542198224,36.75838131371093],[113.57682290491158,36.76166205292252],[113.5652603778023,36.76411263213298],[113.55394908445273,36.76262570877526],[113.54450794880745,36.75942355684884],[113.54267191501351,36.75097670655377],[113.53689419719812,36.74342831026061],[113.5274187820474,36.73976609219741],[113.51570866573837,36.740372562306064],[113.50589819687401,36.74318877489948],[113.49481400164117,36.74445521250716],[113.48528495432001,36.74009705542918],[113.47871272821796,36.73328068144164],[113.4715696093358,36.72649210183381],[113.48196099944525,36.72734110616962],[113.49206845152726,36.728205524580076],[113.50282643360207,36.726494816506026],[113.51200840145968,36.723019108160706],[113.51476338100667,36.7145676479866],[113.51457146910728,36.70511102495284],[113.5104383143954,36.6965543156135],[113.50322274667293,36.68884787089346],[113.49524443007215,36.68233466697525],[113.4867340240396,36.676310093299556],[113.48256835616486,36.66729138982981],[113.48886123367855,36.66004059633202],[113.49799726967167,36.656104997550145],[113.5071151855973,36.65193929023315],[113.51704985255925,36.64726940703494],[113.52755507334865,36.64257025176918],[113.53695466044447,36.63838578813318],[113.54547844279111,36.63401848654733],[113.55026148241005,36.62592046116637],[113.54673676416448,36.61779278298017],[113.54602632802187,36.60905709892503],[113.55574324796117,36.60531783647809],[113.56540285532647,36.60088746747298],[113.57280325621983,36.59334335891935],[113.58046855383935,36.585555086688764],[113.5873902996148,36.579187685152384],[113.59474880745842,36.5711834693428],[113.59201966063341,36.56232140475343],[113.58342121361413,36.55515459390598],[113.57510900769492,36.54797284061785],[113.56719553736075,36.54215457310237],[113.56287407451885,36.53476268504214],[113.56246587860413,36.52624198952906],[113.56145124440901,36.51729112187919],[113.5627705659128,36.50890952382153],[113.56970575646376,36.50277463678777],[113.57993942745357,36.49854373249522],[113.58675983033659,36.49102944279496],[113.5872026780884,36.482463462839135],[113.58997933724584,36.47446619388175],[113.60022551186503,36.47392876533867],[113.61098296409713,36.4761304843407],[113.62288017614567,36.474809848303444],[113.63225393290199,36.47061992065408],[113.63999537650018,36.46397430617411],[113.64849417204721,36.4561357173154],[113.65731482117718,36.45220434853062],[113.66679815584789,36.449389975356276],[113.67722961969525,36.44768011647798],[113.68781367769895,36.44780629390648],[113.69858568642246,36.44676800357602],[113.70768729454798,36.442818253432485],[113.70724434507332,36.43406626551001],[113.71110583951813,36.42554659549132],[113.71591617187362,36.41813171850887],[113.720155954417,36.410746002608526],[113.7223290506521,36.4025476985376],[113.723894199929,36.39392003140876],[113.72809340907762,36.38607304817402],[113.73513494855355,36.3780743711186],[113.74018544029809,36.37018278218275],[113.74231672417844,36.3615230880952],[113.73654863048411,36.35398367797321],[113.7349096312427,36.34460458982501],[113.74117050450957,36.337571448774895],[113.74419099018189,36.329326172167704],[113.74096274724538,36.321418229331556],[113.73438428530146,36.31438369123119],[113.72453312633208,36.30914388536047],[113.716518206068,36.301954618787455],[113.71652897855743,36.29179461557618],[113.71941546306984,36.281939942082715],[113.71702438526873,36.2737556168542],[113.70994110923839,36.26744150517834],[113.7035392664619,36.259009879802036],[113.70228527804419,36.25076444021244],[113.70460586653122,36.240941445102074],[113.69622318237553,36.236082430966114],[113.69496930336872,36.22783688554967],[113.70368541848413,36.222979836052694],[113.70997746286449,36.21640677202321],[113.7092332221889,36.20744169471069],[113.70047512809928,36.20144852547919],[113.69946750458935,36.19272731984355],[113.69263958335462,36.185936366905],[113.68365892035618,36.18064457277613],[113.67569879846724,36.17391319843831],[113.68597873003462,36.170821737203624],[113.69618361683338,36.17027371101173],[113.70402423704961,36.16523324299328],[113.70664325068154,36.155624683899696],[113.7120225204879,36.1484071614286],[113.7198015785582,36.14267756505127],[113.7137886092268,36.13538046398349],[113.7040378933608,36.13105831100282],[113.69294832018309,36.12772804037943],[113.68278558505907,36.128734580867444],[113.67228402180953,36.12906663938227],[113.67826906875341,36.12228021834271],[113.67390344347768,36.1142010435244],[113.67599718096798,36.105083037174296],[113.68073396772553,36.09697843410563],[113.68784921070095,36.090130868793864],[113.69367762585672,36.08150411501692],[113.69522047676706,36.07264649769795],[113.69310156326455,36.064217123631565],[113.68417266351148,36.05938612802456],[113.67275351050372,36.05538035839941],[113.66701584220213,36.04783444913599],[113.67639259986929,36.04433079119862],[113.68607060241477,36.04104116360397],[113.69442553001468,36.03551095646567],[113.69479783589932,36.02625284819335],[113.69579285983868,36.01765585976035],[113.70329601976987,36.01217104629272],[113.70691152681076,36.00435522936178],[113.70198411514461,35.99630823088863],[113.69594513830587,35.98855108804328],[113.68570712761313,35.98840875676212],[113.6756583201753,35.99056383765979],[113.66596635276368,35.993625583761975],[113.65578455440026,35.997633035503505],[113.64535690102583,35.998653116335475],[113.63775814608856,35.99259235860384],[113.63649663392079,35.984116003136414],[113.64277501053643,35.97754591903586],[113.65114620304385,35.9722502397708],[113.65676258852218,35.964559197901586],[113.65972114031034,35.95562451355313],[113.66034223357632,35.94589290851556],[113.66022770123047,35.93758568508424],[113.66182789699263,35.929418408198856],[113.66227917827591,35.9210797882225],[113.65924443776741,35.911773057721426],[113.65489364186678,35.90369244043464],[113.64937479636599,35.89521314950957],[113.64468626900138,35.88645844066132],[113.63740054037375,35.8806122488469],[113.64067765569258,35.87212430791512],[113.6453463668282,35.86332992908984],[113.65065488549291,35.85542388072046],[113.65780698716527,35.849267878271874],[113.66305659640797,35.84067077691838],[113.65959346943959,35.833005282248834],[113.65312020749528,35.82665531387505],[113.64226303662575,35.825620632760376],[113.63257279037751,35.82844815445932],[113.62295654373395,35.832194740329705],[113.61434049898682,35.82734128427694],[113.60450153982632,35.82486448145269],[113.59473495486375,35.82676900434906],[113.58557601963234,35.82217380189616],[113.58975844857578,35.81433226587787],[113.59333876578293,35.806058191447306],[113.59774676751508,35.79751141684283],[113.60493676585516,35.788352738159766],[113.60941720948682,35.78072310115947],[113.60586752488013,35.77190653025102],[113.60021339431187,35.76504915755019],[113.5931297119506,35.75803396717713],[113.58792928162033,35.74976623804677],[113.59156280597297,35.74218246834643],[113.59577863445962,35.73479921861523],[113.60281095488139,35.72726748737276],[113.61190948327484,35.72077699520532],[113.61756918723064,35.71377739069359],[113.61856771166326,35.70517987215857],[113.6194733494472,35.69543067802139],[113.62041626775483,35.68614251677117],[113.62229716721743,35.67795811877258],[113.6249109150086,35.668349288645054],[113.62620917973618,35.65996645936724],[113.63009745975056,35.652137292966785],[113.63314058557651,35.64435133854339],[113.63015830648551,35.63550369656988],[113.62160099884656,35.63111139968548],[113.61039713602422,35.628938705771745],[113.60005537445394,35.63041379476853],[113.59076187434546,35.63437316790398],[113.58152324022062,35.639022335709605],[113.57311016606337,35.64339386203942],[113.56473226907136,35.6482259243181],[113.55452067316395,35.64784270753935],[113.55577057487963,35.638770019310776],[113.56080985438625,35.63111313328104],[113.55699118571575,35.622308697176315],[113.55013333271546,35.61435607161079],[113.54558327320164,35.606975113592334],[113.5404533620422,35.5993952204752],[113.53564233995138,35.592257497587454],[113.52966965086401,35.584722026121874],[113.52138655433167,35.58007637230234],[113.51408359330216,35.57353329470034],[113.51282277261802,35.564822240999305],[113.5123702984894,35.55560743370808],[113.50587703520445,35.548560092027905],[113.50263182522912,35.539722900689014],[113.5030978423585,35.53138329799418],[113.49685166932366,35.52386005718898],[113.48709069891373,35.52182969543948],[113.47753858556955,35.51886658015558],[113.46782303077639,35.51383074067768],[113.45820119069184,35.50994586832697],[113.44731792415968,35.5079728590509],[113.43652724149254,35.507148399174916],[113.42653357333788,35.509284929806704],[113.41603031799455,35.51213693336314],[113.4061109672801,35.508032272460156],[113.3988600336126,35.501940708605595],[113.38936087251032,35.49596423198035],[113.38079685140285,35.491095039499434],[113.37110889584211,35.486280561364055],[113.36247542002793,35.48048980738406],[113.35303532637299,35.47520101534348],[113.34105401644779,35.473504940301694],[113.32926920009552,35.47433879812693],[113.31876824487563,35.47718433213687],[113.30866895636274,35.477929345209326],[113.30718699396718,35.469690559891745],[113.30711101309585,35.46138105782266],[113.3022943752725,35.453774211273725],[113.29937447615774,35.44514676542929],[113.30681504148532,35.43922674215701],[113.30672142298386,35.43068759055349],[113.29820471747405,35.42627117619786],[113.28802536162077,35.42955936445454],[113.27872223608908,35.43326261704004],[113.26934816861097,35.43604708015908],[113.25841031476824,35.44052550090459],[113.24815716129066,35.44288991017539],[113.238517326066,35.44591493508974],[113.22694625852621,35.445804685197416],[113.21699139233316,35.444687706151605],[113.20795180650441,35.440752925796566],[113.20021213674822,35.43536651099722],[113.19625000278972,35.427712666659424],[113.1893761009769,35.418820020106146],[113.18012837013369,35.415816790874366],[113.17371127315958,35.40920952746458],[113.17584473314045,35.40009740989636],[113.17102732115357,35.39225536055395],[113.16399860785039,35.38498336263254],[113.15620015811508,35.37867568834932],[113.14970173325345,35.37091480243302],[113.14985393205922,35.36167104979794],[113.14949678627367,35.353144699865084],[113.14191399846065,35.3459000075889],[113.13987430458616,35.337457734537324],[113.1329577052555,35.331565340209394],[113.1228400115777,35.33183304593482],[113.11031833877826,35.33383678381246],[113.1003207475242,35.33571381606349],[113.09023637754106,35.33644229351509],[113.08154814282518,35.3407923135675],[113.07449957496655,35.34829652301975],[113.0673131800173,35.3539594055944],[113.0571335599951,35.3572275908313],[113.04504865006713,35.35758679869531],[113.03347393471782,35.35722556282022],[113.0210064658423,35.356213504330725],[113.00862431313985,35.35635236715019],[112.99838639927697,35.35500009712516],[112.99009216690953,35.349398039971064],[112.98384301734322,35.34092393823442],[112.97957592275101,35.332586541223186],[112.98093762821442,35.324209485465566],[112.98931673145461,35.319418417145506],[112.9915349435047,35.3112297426985],[112.99429766848577,35.302783294045526],[112.99116967602735,35.29462173450753],[112.98186149981727,35.290452456053536],[112.97110474067918,35.289584931191484],[112.95987171278364,35.2898944413596],[112.94853792953906,35.2888209470518],[112.93870255043983,35.2812106667712],[112.93744492837955,35.27157149467227],[112.93597303352463,35.26286788286342],[112.92980308281747,35.25531325000735],[112.92104664763683,35.25088163536749],[112.9115489688679,35.24786956416788],[112.90129392526093,35.246049508330856],[112.88891241040487,35.24594382783393],[112.87880608482347,35.246192586494885],[112.86854920685606,35.248294354696455],[112.85956213356832,35.25241333629848],[112.84963335312041,35.255189594965685],[112.83875015863093,35.25639547810454],[112.82854450919534,35.255257802375304],[112.81881826050456,35.252941742443596],[112.80983610429874,35.24920758305363],[112.80265577416345,35.24307592212976],[112.79213907375971,35.24149059074553],[112.78390385720448,35.23633268825689],[112.77939948555492,35.22822947298298],[112.7748963886574,35.220126026173325],[112.76989854604683,35.21297007693432],[112.76135572681775,35.20736364857481],[112.75708768247803,35.19855594725959],[112.76018372173412,35.19056359912955],[112.76315033783807,35.18072745527754],[112.76367565311052,35.17215966587843],[112.76105738507944,35.162816166104335],[112.76183171224717,35.15377439502905],[112.76206191915239,35.14498918329198],[112.76339564758958,35.13592256437011],[112.76592792352066,35.12795450402885],[112.7672766325666,35.119117363128396],[112.76202236485867,35.112202601862855],[112.75512089073257,35.10582775521026],[112.74944478005021,35.09685354669679],[112.74610265278754,35.08915820688484],[112.74181042538989,35.07989000033157],[112.73764816840584,35.07246313414626],[112.73268648419496,35.06160715349359],[112.7284462733552,35.053029419053715],[112.72290318989482,35.045895258970575],[112.714677098485,35.040502145615235],[112.70513340799616,35.03632460361409],[112.69526382939382,35.03146727120141],[112.68786473050432,35.02580139862055],[112.68013878199032,35.019460537831954],[112.6750517044613,35.01068748653802],[112.67054028333844,35.00211951570869],[112.66060231466638,35.00026355560666],[112.65078709933283,34.99609129626415],[112.64233771909859,34.991396239563265],[112.6301822546802,34.98987072002723],[112.62004550126558,34.989176146106914],[112.60933466188177,34.98827502123346],[112.59946217092663,34.98733472103843],[112.58951223231604,34.985242988658285],[112.57887915960114,34.98133466736151],[112.56914891466755,34.9741510185894],[112.56385988134774,34.96630567121249],[112.55939403172812,34.95819472554506],[112.55036629348946,34.95305721478529],[112.54062402269791,34.94979647293239],[112.53977675650626,34.941292029344886],[112.54431057788481,34.93369974202411],[112.5457116596316,34.92532562878667],[112.54202677631807,34.91625269358483],[112.54258981821428,34.90791630349384],[112.54226962581303,34.89892405602885],[112.54058563474612,34.890457074453174],[112.54857302424257,34.88432556503698],[112.5580319379238,34.87928477584033],[112.56784557700837,34.87537975015949],[112.57683691203029,34.87174385568115],[112.58635419688778,34.86762173347117],[112.59549884632513,34.862128133067564],[112.60608373616711,34.85726287609995],[112.61675947789196,34.8537770508914],[112.62717230744778,34.85053418219601],[112.63896248074576,34.8469958291414],[112.65047260877981,34.84346836989402],[112.66170316089017,34.83995413402887],[112.6710122688453,34.8369877545204],[112.68172975326068,34.83418719095677],[112.691937405339,34.832101300344256],[112.70553734208696,34.830552273038094],[112.71641147537329,34.83004978042936],[112.72641724146814,34.82912377724569],[112.73668690225728,34.827957140539965],[112.74720207251941,34.82631343113154],[112.75714344727322,34.82446606215098],[112.76895658832508,34.82137373602908],[112.77773946200088,34.81495928768593],[112.78370255611279,34.80821354109102],[112.79411755737941,34.80518525950225],[112.80472601586328,34.80491881234671],[112.81513534296622,34.8058145174775],[112.82480627770286,34.80812935051252],[112.83391610146298,34.81439886054648],[112.84143672518681,34.821895800192685],[112.84986251194866,34.82634729270755],[112.85909370203407,34.83029876068313],[112.8707858136587,34.83343783338893],[112.88088839448507,34.83388091791262],[112.89322125523285,34.83421714521904],[112.9038496833266,34.83417127397118],[112.91367396485565,34.8346242065368],[112.92403939292652,34.83482114112721],[112.9341754321055,34.83571887142652],[112.94613339413998,34.83860789571149],[112.95587860578891,34.84183479769843],[112.96723121228153,34.844056107904954],[112.97836815775064,34.843286504040705],[112.98912558488013,34.841148684059256],[112.99986667084987,34.83877793588964],[113.01042800540343,34.83780150031373],[113.0230083547694,34.83764938023348],[113.03427832080231,34.83871596098762],[113.04533635413863,34.840715293536405],[113.05623519256937,34.844338516421836],[113.06567178737414,34.84710777096883],[113.07533819987081,34.84917196917909],[113.08688946610367,34.85022029290094],[113.09774050979692,34.853148467035076],[113.10782288670949,34.857035982835846],[113.11712072498227,34.8616579082365],[113.12696072226643,34.86601843410703],[113.13621005724042,34.86994768494414],[113.14751470936899,34.87515852642232],[113.15760280790687,34.879043888884766],[113.16793716043169,34.88245352715682],[113.17944276992468,34.88280152809808],[113.1906338070373,34.88270037221067],[113.20035978097599,34.88544513323446],[113.20726070370115,34.89156710606197],[113.21424793239413,34.89883666200583],[113.22176000707732,34.905619610607914],[113.229012624406,34.912645089717905],[113.2370161834686,34.91847711008199],[113.2436774556356,34.92506949466627],[113.25271223837153,34.93338747683313],[113.26317898453583,34.9384001128471],[113.27350852189005,34.94157059142892],[113.28512821098099,34.94328782056792],[113.29542266663871,34.94599497850227],[113.30437498110503,34.94946508635162],[113.31470625881879,34.95263191993708],[113.32503939130541,34.95579779207539],[113.33600133140607,34.959853530523645],[113.3448370265797,34.96540484165481],[113.35444143504962,34.96999128793509],[113.36551443150586,34.97542604913795],[113.37456186809047,34.98003846677661],[113.38408050891226,34.98347237673356],[113.39403346026857,34.98526633380819],[113.40501352442291,34.985849273088284],[113.41586917635692,34.98482204276146],[113.42595010267102,34.981062648839824],[113.43629199748621,34.977056556969806],[113.4458129974535,34.973323387050364],[113.4553508008944,34.96981898642519],[113.46557224563466,34.967894750096924],[113.47785718001403,34.96724819573211],[113.4894310162847,34.96825627257213],[113.50046369548646,34.96952107155072],[113.50992603614944,34.965091753971834],[113.50967071783225,34.94432893047083],[113.50549223871758,34.93737197279393],[113.50720333718323,34.927115251323386],[113.51218397268943,34.91922750793571],[113.51457981190099,34.91055125035963],[113.51221445969358,34.901895477623135],[113.50953469841376,34.89279692145677],[113.50612712870816,34.88512258487945],[113.50460025199004,34.87642174064421],[113.50418912766463,34.86766419982933],[113.50654794672504,34.85852866597948],[113.50494824021905,34.848909450261885],[113.49632055687098,34.84243523425102],[113.48774825281465,34.836649049993945],[113.4776313052525,34.83256277475216],[113.46844147912739,34.82958348907115],[113.46366588919835,34.82220969663391],[113.46693610817212,34.81395076064184],[113.4657298307653,34.8056962714354],[113.46875653198467,34.79791039582223],[113.47764283243261,34.79351355581935],[113.48850670289669,34.79294080019829],[113.49622235839882,34.787910299391996],[113.49471702409852,34.77944050333325],[113.48444444783419,34.77328397322798],[113.47409547668761,34.776833559400536],[113.47614071675716,34.76725294596573],[113.47916491819775,34.759466569760285],[113.48845168747107,34.75666622354741],[113.49349448230149,34.749696634461245],[113.49141554999099,34.741027487387626],[113.48883370760677,34.73307526508468],[113.49774724873954,34.729138099067626],[113.50853002177868,34.7276405828824],[113.51781189450622,34.72483556104918],[113.52209491673044,34.715365258621134],[113.52416807719652,34.70624253356749],[113.51995108405781,34.69884195740331],[113.51425393514397,34.690364162821396],[113.5166597385705,34.68191597641802],[113.51993677417927,34.67388423957795],[113.51564920651211,34.66556270723987],[113.50863667284183,34.65807823044828],[113.50149210560117,34.6524509584357],[113.4924374680904,34.64738589564806],[113.48203081604227,34.64285206466148],[113.47234306859926,34.640362312951304],[113.46626016445146,34.63398088583266],[113.46140691766712,34.625455596583905],[113.45503047141796,34.61886019938823],[113.4453105325059,34.61590666065934],[113.43396887919808,34.6100328000904],[113.42529157636599,34.606098597457596],[113.41396027065248,34.60391956303513],[113.40319325600281,34.60540838271753],[113.39938644957698,34.61392657040536],[113.39361587689923,34.62231446737545],[113.38372680578486,34.620751842209685],[113.37603801643327,34.61514440550314],[113.36573585563623,34.615449412075534],[113.35510680182377,34.61877298855654],[113.34628704836507,34.6238521169363],[113.33593382623079,34.62716013497888],[113.32545422687254,34.6251607819262],[113.31492137332012,34.622469370494294],[113.30527779908,34.620424773565766],[113.29434772368411,34.61983002352422],[113.28432448899157,34.62381088012054],[113.27485538229446,34.62776140821984],[113.26432424780835,34.62506537563154],[113.25436732404765,34.62256863732963],[113.24389074731238,34.62056186298196],[113.23417850536838,34.61759055888257],[113.22519789785227,34.613193312765965],[113.21390572555893,34.61145620001823],[113.20799420165847,34.61822507902728],[113.19807216797057,34.61988179867414],[113.19790612456202,34.61018718169258],[113.19424594579647,34.602283546048476],[113.1835811233299,34.60143519862988],[113.17380518046468,34.59753789790592],[113.16404697024065,34.593869421264976],[113.15552604386252,34.58805979489482],[113.15046433525404,34.57999609289678],[113.1435451974627,34.57318022056586],[113.13349676435568,34.56929270928629],[113.12289423473186,34.565433039708196],[113.11321026127115,34.56268109220993],[113.10199544386798,34.561851635554156],[113.09209525549817,34.56373125144688],[113.08186528235777,34.56493190704998],[113.07371527818626,34.560251340826156],[113.06385679286893,34.55889093453489],[113.05180059291601,34.561795097793755],[113.05116327639482,34.55304696548541],[113.04592189848563,34.54614439836422],[113.03560315038098,34.54226135510792],[113.03390745674362,34.53425867120143],[113.03694947441997,34.526252798684126],[113.02906686428845,34.52132621455084],[113.01901429892591,34.51719886318721],[113.0113277601904,34.522657963079894],[113.00545557429035,34.53010827439249],[112.994740824689,34.53224813912001],[112.98460866688582,34.530893884705876],[112.97498697809574,34.5327483398508],[112.96520316013697,34.53622722201873],[112.95525370573272,34.53740378071335],[112.94461667673997,34.53676300928415],[112.93561102810571,34.531653894318325],[112.93033178747169,34.52405458949285],[112.93335103785539,34.515591981693085],[112.9389011646601,34.5074689625615],[112.93466717319001,34.49889293115848],[112.92965107271255,34.49104864239222],[112.92850468003031,34.4827865797213],[112.92131908913512,34.475739911382085],[112.9111804173327,34.47414938838235],[112.89989847217969,34.47607857098349],[112.8915704494442,34.48040446635897],[112.8813329656664,34.48135766868228],[112.86972483380605,34.478678229520355],[112.86009278283788,34.47636653529955],[112.84938410428597,34.47456606812047],[112.838590852524,34.47554067981954],[112.82730728149483,34.477462742380304],[112.81803008872751,34.48021055863454],[112.80909435977988,34.48386855366535],[112.8008097753587,34.488879260223726],[112.79397554839642,34.49474604429296],[112.78606234990204,34.501123815846604],[112.77642368911867,34.50273201936369],[112.76779098688449,34.498748128741575],[112.75738960230183,34.497386253415684],[112.74717198143428,34.494630410285225],[112.74545770421105,34.48593176776078],[112.74513318180192,34.47716907348771],[112.74394266312139,34.467983881453016],[112.74446669130714,34.45941154511931],[112.74445034997328,34.45109584345345],[112.74329304071294,34.442369897235324],[112.7413349133055,34.434144878312246],[112.73771366916016,34.425998164908556],[112.7353683877521,34.416172471916795],[112.74014684757071,34.40878907110332],[112.73754062432755,34.39920759777044],[112.73224130426182,34.3909068666133],[112.72534295019601,34.38360311665767],[112.72386334767842,34.37419949604443],[112.72663782186311,34.365985528078646],[112.73312531936907,34.35921309685342],[112.74197065733146,34.354411806351806],[112.75160032859354,34.356963371508776],[112.76129404146685,34.36043768538236],[112.76551392890462,34.353077573401166],[112.76606532006438,34.34496384778264],[112.76273835716435,34.337034670667244],[112.75355344422131,34.33284416158186],[112.74273968587944,34.32919091630628],[112.73191781873916,34.32946633853724],[112.72153120734282,34.33202841526943],[112.7118230966894,34.33640774865435],[112.70152906588996,34.34035114307258],[112.69168898122444,34.33872889327887],[112.68195390288679,34.334557068335336],[112.67246543453338,34.329912702110114],[112.66336532542951,34.32686833479092],[112.65507134002665,34.33163949064492],[112.64708536279736,34.3368574699502],[112.63598490788067,34.33713596235291],[112.62688426522148,34.3340865049876],[112.61652335469184,34.33294147534936],[112.60508464220082,34.33230761821921],[112.59429371052788,34.33302963393839],[112.58447074828948,34.33578744580441],[112.57532573052022,34.340358830557754],[112.56793355469908,34.346239045462085],[112.55807587858169,34.352689842035666],[112.54914213028529,34.356325819410564],[112.54049094078496,34.3516327925721],[112.53213334425965,34.34715931462061],[112.52167610397599,34.348781894794264],[112.51203578609704,34.350138385733466],[112.50605361898278,34.34370510244007],[112.49629754142853,34.33906024809922],[112.48602749692144,34.339284549444166],[112.47488807726305,34.33469865336619],[112.46570362760008,34.330255358108474],[112.45503867879223,34.32864782564003],[112.44578111518382,34.331598068064615],[112.43776544685609,34.33657171681809],[112.42793755877094,34.33931386434344],[112.41779653235966,34.337220137061614],[112.41012935456554,34.33039597911365],[112.40074747329584,34.32711030114535],[112.39344859814774,34.32165461702643],[112.39680929295557,34.31342304320667],[112.4015842626162,34.30559115445005],[112.40610986089187,34.29823019795631],[112.41083839364279,34.289708356933495],[112.41642608013731,34.281609024023076],[112.42253739877411,34.273022066588744],[112.42306399174191,34.26399014971303],[112.4199322727859,34.25419359929622],[112.41773539864738,34.245975565324386],[112.42305763554508,34.23811696199971],[112.43186436768733,34.23264724822942],[112.43523191257242,34.224643727296346],[112.42635412805984,34.2204150859172],[112.41467149559715,34.22000362028449],[112.40253969001147,34.221229598691316],[112.39014545319853,34.22269561656836],[112.37712291835746,34.22303401340008],[112.36653176567377,34.22233976473748],[112.35401943962204,34.22196089188852],[112.3443912271848,34.22330124104098],[112.33546268706138,34.2269232786085],[112.32656222237704,34.23100431186364],[112.31589893701836,34.23354127390264],[112.30472478093465,34.232406485878535],[112.29438165159992,34.23123234195746],[112.28186725269599,34.23084564113556],[112.27104260310064,34.230845610338946],[112.26141216943726,34.23218123781672],[112.25259497331058,34.23763784053047],[112.24965763176758,34.24838747641796],[112.25348415579109,34.25630969250024],[112.25948239025914,34.263446137969595],[112.2652059197476,34.270595632948385],[112.27339395086413,34.277175324428995],[112.2800082468648,34.28520975337949],[112.28356262390503,34.293141920406754],[112.28224651917016,34.30313047260126],[112.2734361626971,34.30881819027367],[112.26093937032253,34.30888887984457],[112.25006431605232,34.30380802339514],[112.23929242613222,34.30033948641875],[112.22899785191635,34.300081165251115],[112.21781130078818,34.30332507156575],[112.20691392822316,34.3067867190146],[112.19616457782645,34.30816319798182],[112.18455537678607,34.30911193224252],[112.17271166388083,34.31076223668737],[112.15936013039457,34.31501423604745],[112.14880614210531,34.31961090266682],[112.13746226454819,34.32493323906306],[112.1278564927012,34.32232798548468],[112.11676824669094,34.31816706625563],[112.10562412274713,34.31308341145152],[112.09543909453798,34.31003954614657],[112.08427104441611,34.30911099895978],[112.07478084850989,34.312963820117716],[112.06631469205834,34.320008541261274],[112.06063330579568,34.32716883717823],[112.0520271567356,34.33190706488873],[112.04775645725181,34.33947304242361],[112.03853802341551,34.34331211033002],[112.02733944763143,34.341918330801825],[112.0179985770157,34.33906122042507],[112.00892169748278,34.33596518293101],[111.99927770051367,34.33265737629045],[111.98992619380715,34.32957033990572],[111.97699814178726,34.327085417269075],[111.96713394388978,34.324709348366824],[111.9583105891157,34.32113682408639],[111.94861748385881,34.31690296461726],[111.93920135420781,34.31266015859486],[111.93027271780858,34.30723967926193],[111.9234286777578,34.29942781775931],[111.9161248954386,34.29325212414799],[111.90701804973018,34.28945374301081],[111.89689709837091,34.28731402476469],[111.88698670711065,34.28400694755665],[111.87742066559768,34.28184271428125],[111.86726268543042,34.28385764157503],[111.85743490752257,34.28678101220741],[111.84851678110033,34.291056866068345],[111.83896517057764,34.28911931197014],[111.83219649818115,34.28245363528955],[111.83060121911879,34.2739700395779],[111.82486409244137,34.26587940593614],[111.81840260984254,34.259662435980694],[111.80894767457686,34.25448689404012],[111.79847845324947,34.250964593944424],[111.7867427984074,34.24956964210218],[111.77562586225415,34.249303038210456],[111.76581634308279,34.24759926032734],[111.75640515814175,34.24310906186602],[111.74906786386886,34.236000547032276],[111.74252438443574,34.22816749448922],[111.736046704008,34.22148359445603],[111.72955712521045,34.21457162673038],[111.72305598445998,34.20742932101515],[111.71761104842135,34.19932072049838],[111.71166533201536,34.192155699601315],[111.70462714008968,34.18526182289955],[111.69649573199868,34.178641165424516],[111.68758593626704,34.1729712557144],[111.67726965172935,34.166894080715224],[111.66838901171339,34.16168472867047],[111.66008775212723,34.15691284589873],[111.64775120433642,34.1543710852286],[111.6372400297027,34.15476373648918],[111.62762096342364,34.15627621773324],[111.61779914554933,34.159179446292505],[111.6073998340842,34.16164336190207],[111.59682492313335,34.16087807724818],[111.5845145827268,34.15879167264421],[111.57519876902725,34.15566820299138],[111.56604952225882,34.15046039782939],[111.55668590899592,34.14641559518882],[111.54737263517733,34.14328982993088],[111.53778363357574,34.14017498148749],[111.52633392380555,34.13851163457659],[111.51528247118765,34.13914188770638],[111.50515794520363,34.141587226041025],[111.4945053111024,34.1445102103037],[111.4844137307947,34.14233164393065],[111.47367205108723,34.13832878586022],[111.46513273963855,34.13401641483949],[111.45840961159303,34.12732780094976],[111.45195080390442,34.1203995818526],[111.44331849369303,34.11424123525285],[111.4337009746662,34.110425430325385],[111.42332715600558,34.10802061908769],[111.413747264379,34.1048952998411],[111.40445626956124,34.1019900464664],[111.39433713376543,34.09911127164904],[111.38448307661086,34.09599256492588],[111.37496523542426,34.09401613253249],[111.36536037092979,34.095736690756986],[111.35610195728779,34.098831869263556],[111.34890750735012,34.10439106622158],[111.34200128427713,34.11017304604149],[111.33262691680264,34.1165017711853],[111.32426523794008,34.120947395552264],[111.31654872192469,34.127216718900755],[111.313384450597,34.13586866129934],[111.30717712630015,34.14462709772285],[111.29909803891194,34.14928963696253],[111.28887389227677,34.149871500043076],[111.27898402543495,34.151593551458156],[111.27031496314014,34.155583951384486],[111.26369708906707,34.1618121310568],[111.25993802117526,34.16978991979873],[111.25418333588915,34.17668111469466],[111.25236283195943,34.16796759981088],[111.244293839171,34.16177483141291],[111.23911560423589,34.169107826798935],[111.23705906162282,34.17795248152401],[111.22840890897139,34.18239955722902],[111.21687554658062,34.18463274882194],[111.20664524119509,34.18520727982439],[111.20593614278063,34.19331136752571],[111.19959802395017,34.19975698349874],[111.19194327444579,34.20763180129469],[111.18204944910273,34.21511693055229],[111.17283772361316,34.21957907094179],[111.16619563775578,34.225571282826664],[111.17419741320091,34.230384820890066],[111.1832518968234,34.234009118748496],[111.18808998240436,34.24215985865817],[111.19130178205614,34.25105855610059],[111.19173204456457,34.25981759827912],[111.19161861148496,34.268825995363024],[111.18955535022293,34.27766670840326],[111.18576072053767,34.2851812955188],[111.18595864238442,34.29487076112302],[111.18913726478226,34.303076982876775],[111.19097661804584,34.31225032932336],[111.18664780358387,34.32024406469318],[111.18143124199972,34.32711123474218],[111.17572501401455,34.33537949253175],[111.17052811525394,34.342708248970396],[111.16301010286568,34.348035371281625],[111.15403767426999,34.35202477899996],[111.14338765717939,34.35583665415448],[111.13162759480934,34.35968582689985],[111.1216414002781,34.36000976891073],[111.11208761108163,34.36355281606901],[111.10777032583434,34.372005369748265],[111.1023317764491,34.3802612483874],[111.09257483184685,34.38542513540102],[111.0829726656026,34.38804362868879],[111.07320503456599,34.387203025641725],[111.06332788151026,34.384057553142696],[111.06155636456639,34.37603478140801],[111.05722310200774,34.36670886985422],[111.04994913251102,34.359786623264114],[111.05034393985567,34.35054091861029],[111.04990702599328,34.341319883169476],[111.05062361596404,34.33298787917005],[111.05184956151417,34.32371268416117],[111.05193516722777,34.31378501671813],[111.04960149407128,34.30554809263877],[111.0437189389983,34.298579321837764],[111.03834814394422,34.29067160657762],[111.0440642611451,34.282409865020625],[111.03403297335576,34.28157409030588],[111.02364302674204,34.28490694044265],[111.0128013149697,34.284558348431524],[111.00272691238145,34.282799928937436],[110.9926102066256,34.280118443724824],[110.98354823735205,34.27624704062747],[110.9739120566767,34.2719333226449],[110.96479968094894,34.26690821563101],[110.9565182549057,34.26185830977844],[110.94646923358714,34.2605548996928],[110.93587736477043,34.25949880362669],[110.93027474429974,34.25228597290328],[110.92003469451559,34.25283265652825],[110.9156608659471,34.26035434262355],[110.91578382149544,34.269124488297116],[110.91731377651027,34.27831038432061],[110.91064746230586,34.2842874760503],[110.90193615221447,34.28801727298999],[110.89412729209657,34.29333496599624],[110.88723427754708,34.300470655530475],[110.8823005130953,34.30800871804444],[110.87765335963545,34.31576866364329],[110.87249265160456,34.32446620100116],[110.86316785918841,34.327058662951416],[110.86138781517346,34.31834020580874],[110.86323245292412,34.30997577985457],[110.86553734906812,34.29951673395142],[110.86794654169233,34.29136420540531],[110.86865997501052,34.28257075418422],[110.86960965443588,34.272847172148744],[110.86756260995283,34.26436845416965],[110.86410025955057,34.25523865539569],[110.86008389883725,34.24612653130756],[110.85640738280802,34.238390931885476],[110.85215729380407,34.23020843937057],[110.8556832959308,34.222252316210835],[110.86114707544971,34.21423695653505],[110.86838541033296,34.20870675548643],[110.87737785320601,34.205201393913676],[110.87978195513597,34.19704792949716],[110.87692648525929,34.189054583174574],[110.86888462945919,34.18283558406396],[110.86033215008763,34.1775561372649],[110.85314326520671,34.17177262302557],[110.84649934049702,34.16574082392804],[110.83687355409108,34.161182905552984],[110.828037683884,34.15567867167495],[110.82350806132997,34.147272189641455],[110.8157204517232,34.14034918259099],[110.80618103114196,34.13763331333568],[110.79608924418123,34.134934173985975],[110.79269151428596,34.126955803785094],[110.78283647560673,34.123325466967955],[110.77381377779221,34.11966698932719],[110.76337262625984,34.1215920854303],[110.75326881298867,34.124893409487356],[110.74429998481054,34.128851633467434],[110.73483722722408,34.1342065940801],[110.72289328110554,34.139866991080964],[110.71267633593382,34.14062753336408],[110.70293305438483,34.13952527650902],[110.69294209698994,34.139121963383076],[110.68295225528544,34.13871776941462],[110.67458168238608,34.14380818953762],[110.66706897576348,34.149563865294084],[110.65806379849231,34.15282288551216],[110.648810605559,34.15678084317259],[110.64042613788351,34.16163865150124],[110.63119036600558,34.16605522939346],[110.6213616458048,34.169567588757396],[110.60982189047172,34.17196981069916],[110.59937103248403,34.173879867754316],[110.58861327695045,34.1751059948225],[110.57879107975965,34.17884246138325],[110.56874836039856,34.183972157466805],[110.55850527612836,34.184256601269816],[110.54978736796753,34.18796003048497],[110.54708141058664,34.196345946950345],[110.54464325219493,34.20449239960512],[110.53688571429139,34.21140093198041],[110.5269533915835,34.2125956784112],[110.51695419041593,34.21217932355689],[110.50794616582924,34.21565639799904],[110.5029725036235,34.22294866159064],[110.49397094213343,34.226654646419114],[110.4824571702765,34.22996857501643],[110.47118242529622,34.23234983189206],[110.46153252676466,34.2337643360782],[110.45224177126634,34.23724606489616],[110.44444555947258,34.243455779043806],[110.43781071733169,34.251018052600855],[110.43479665833456,34.258947525993285],[110.43457017051051,34.267262548290226],[110.43465826955861,34.27649310386504],[110.43138298416333,34.28488913391054],[110.43172958340575,34.2936504781186],[110.44100686311825,34.296633881390356],[110.45054368570744,34.29914741996587],[110.45850932630327,34.30401262145333],[110.46489499575995,34.310995248507254],[110.46909103995803,34.3187291117606],[110.4741020700232,34.32597989754356],[110.48373624325521,34.33079753962669],[110.49275085853363,34.33401583219931],[110.49446385776095,34.34204751630012],[110.49676899433638,34.350985324003474],[110.49293328489973,34.35916637205986],[110.48738522489293,34.36624082100308],[110.48325085073134,34.37396832241822],[110.47969933090133,34.38237413774686],[110.48254135444054,34.390835903213926],[110.48036692268708,34.398972699887764],[110.4770833253964,34.407139108635],[110.4666063828691,34.409266685969506],[110.45832462327807,34.40371931141185],[110.44853428987722,34.4021357176302],[110.43823516965537,34.401717109767176],[110.42808112388323,34.404988938881516],[110.41649330437038,34.40714120187759],[110.40574738421668,34.40950220335879],[110.3958233633918,34.41160994084194],[110.38727777834563,34.406294146222955],[110.38037225211143,34.400243356434984],[110.37005480617054,34.39936089413828],[110.35979218245403,34.39985756551107],[110.34872258532337,34.40106754541963],[110.33808466188934,34.399034199114276],[110.32716874663603,34.397006377438046],[110.31655831277358,34.39566333252483],[110.30487241787715,34.39526970407946],[110.29407138012343,34.39623570675166],[110.28442461166954,34.39832743288746],[110.27509811433161,34.40156204789244],[110.26636043777827,34.405705500916014],[110.25676351692125,34.40917724213649],[110.24627300261572,34.411054731053284],[110.23602520628441,34.41200264898285],[110.22670371384932,34.41546557593818],[110.21712086133165,34.419394012008034],[110.20716512441317,34.42079315783319],[110.1969241015756,34.42196985974026],[110.18788566467151,34.42565118840108],[110.178561527571,34.42911017013453],[110.16782134844378,34.431908953707804],[110.15816683954228,34.43399002736714],[110.14792336924644,34.435160106032214],[110.13790643331606,34.43493859403039],[110.12861721094278,34.43170108295625],[110.11959922560426,34.436069331912776],[110.10929752241124,34.43562356655617],[110.09976338823766,34.43330980575819],[110.09044224743123,34.42914686160539],[110.08027310059529,34.42454083294688],[110.06959747828249,34.42133033770874],[110.05983695834844,34.420403805282156],[110.0521536616013,34.415275648991134],[110.04936580028438,34.40703355170421],[110.04438951767807,34.39976484183722],[110.03831922897466,34.39298370145592],[110.03198738601337,34.38666807920146],[110.02402377521344,34.38131365089896],[110.01394383824787,34.37900873498968],[110.00517364551685,34.374362593450854],[110.00377899931414,34.36608818607877],[110.00850638419088,34.35813418703681],[110.01487303839757,34.34945077746724],[110.02016875588747,34.34194251262477],[110.02491694011387,34.33468006605553],[110.03018579987898,34.32648109267556],[110.03550247876419,34.31966663002267],[110.03244248394113,34.31142923069988],[110.02365385624657,34.30609406525391],[110.01318726274404,34.30841284323275],[110.00658804265565,34.30210109356036],[110.0062883198106,34.293338614691315],[110.00544915549877,34.285049912625254],[109.99801343366585,34.27852917646094],[109.98820082081626,34.27552138334941],[109.9791850635442,34.27964917141074],[109.97752531394335,34.28799587375983],[109.98138770835524,34.29552319703847],[109.98195406573673,34.30404773369783],[109.98057131358928,34.31238862538133],[109.97061032155986,34.313305067730596],[109.96085649833405,34.31214000156198],[109.94806716806693,34.31150480192378],[109.93746697998479,34.30989665530522],[109.92786866952795,34.30503323756566],[109.93234484888471,34.29777992249306],[109.93936254024987,34.29185439234415],[109.94352901831878,34.28368361837631],[109.93881650358638,34.275481452171476],[109.92869878810079,34.27155387343724],[109.91822529478272,34.273631752000206],[109.9077067053902,34.274326002634346],[109.90715613711662,34.266030948261665],[109.91469651757147,34.25917096623827],[109.92284303015406,34.25391440438443],[109.93258914770115,34.25508050497677],[109.9425124708207,34.25324476726317],[109.94670078143298,34.24576606205142],[109.93981867635254,34.23899556619628],[109.93082967897459,34.23550363507115],[109.92100858996704,34.23202983838436],[109.91025663959886,34.233884769643794],[109.90127184698315,34.23892915738065],[109.89253372224411,34.24304254352856],[109.88408570784604,34.247614479649805],[109.87877586653511,34.254882524282515],[109.87793828863845,34.26320943197125],[109.86858875809338,34.26572124920196],[109.85860997863892,34.265937808074405],[109.84986561503995,34.27004785046601],[109.84289502471569,34.27758304675969],[109.83674811924898,34.28486947221981],[109.82916172357281,34.29056931092691],[109.81890885993705,34.29102005436348],[109.81174303439792,34.28378729798835],[109.80623371509532,34.27628797839813],[109.79722453077315,34.27209548749927],[109.78874760629698,34.26719711948913],[109.78737839717715,34.25891705894517],[109.78929822356567,34.24941502850055],[109.79516978716724,34.24213838727632],[109.79794193349814,34.23331063766851],[109.78817147346344,34.23120823941639],[109.78061456792096,34.2378300064318],[109.77505504326808,34.246253426882504],[109.76860573859112,34.25284908978197],[109.75931132624709,34.25719719529692],[109.74981596515053,34.25508644483831],[109.74542348231687,34.24756129695622],[109.74378823558592,34.23951802076245],[109.74655888587083,34.230461405581494],[109.74962719246234,34.22208980507962],[109.75547176668447,34.213892392489875],[109.75410589541983,34.205611534936615],[109.74879971904247,34.19533814951181],[109.76096392583558,34.19439295162645],[109.77029408273228,34.191429545398854],[109.77754797440569,34.18412307057637],[109.7842387525715,34.17659639925535],[109.79269225994705,34.17226612130064],[109.8040076716947,34.17087179511757],[109.81360286829592,34.16766720144591],[109.81634736740847,34.15814810712071],[109.80788242668326,34.1532506341359],[109.79791030328828,34.15322958073895],[109.78790923886292,34.15228725590039],[109.78118365962231,34.15865930494242],[109.77406092033794,34.15234824568301],[109.76802534860714,34.14531900245738],[109.76065078704052,34.13970250841178],[109.75436219618081,34.13337243432084],[109.74564032722789,34.128937853362125],[109.73694173470858,34.125192926723535],[109.73035030402644,34.117943827975914],[109.72350574612,34.1113919502739],[109.7174144586295,34.10228420446135],[109.70767619443018,34.10063719508472],[109.69802902459675,34.101987669168516],[109.68786222152715,34.1045001169672],[109.6778755003616,34.10377827312788],[109.66889258828212,34.099572793683606],[109.65875948246465,34.10323778341786],[109.64980498291973,34.099953546910726],[109.64376389822597,34.092227048087416],[109.6372108581115,34.085895128452414],[109.62819824976222,34.08053350243417],[109.6213575093687,34.073742913617906],[109.61157767466263,34.07047452815569],[109.60162266897737,34.070666543814895],[109.59114151196206,34.071794459567826],[109.58064573305087,34.07245889303757],[109.57087433005084,34.069414908270765],[109.56297349760641,34.06402706938291],[109.55588359961526,34.05793205224121],[109.5504270631748,34.05088144313454],[109.54932992861059,34.04143930671364],[109.54825866793146,34.032919899694555],[109.54063921281947,34.02752570374457],[109.54150357647495,34.01896931338963],[109.53903902472577,34.01001464651446],[109.53410761646563,34.00179845471057],[109.528501407176,33.9892092126753],[109.53131372755779,33.981078547498456],[109.5388854354368,33.97516432860631],[109.54813234478476,33.969912277226776],[109.55768737826519,33.96580559425926],[109.56669599246315,33.961939855466035],[109.5756767738635,33.95715050588801],[109.5865433824654,33.95070951154977],[109.59655934863977,33.94359120109886],[109.59935645919437,33.935226081476614],[109.59198549344174,33.92867470055925],[109.58756606483576,33.919065170286416],[109.58924559786166,33.91026316309377],[109.5859373341224,33.90086238542411],[109.57833506514753,33.8957001687632],[109.5686512015859,33.89496396019098],[109.56050512913552,33.8900400518196],[109.5531611371012,33.88417865754011],[109.54420244793921,33.87973232835768],[109.53903533049797,33.87267531724917],[109.53573505738996,33.86327273731098],[109.52547137354186,33.861388875699845],[109.51758772958591,33.85576661134769],[109.51025643969668,33.8501324471136],[109.50025204359221,33.84755119262855],[109.4897473682659,33.8468218031956],[109.47931875489324,33.84886049207289],[109.4700241287848,33.85203365847307],[109.46083566062512,33.84897074121834],[109.45161616363029,33.844751608782026],[109.4416640414535,33.84400900012663],[109.4308785719614,33.843050634708746],[109.42112246381392,33.839300351345074],[109.41139788270299,33.836704708769325],[109.40238978736203,33.84032850366183],[109.39756026831114,33.84549224990852],[109.39482076249645,33.846232231873316],[109.38527166833522,33.85032580146657],[109.37797005795204,33.85599392273148],[109.37126136806333,33.86326673835766],[109.36313593586378,33.869181146161736],[109.35352883761021,33.871193490133045],[109.34512276282257,33.86626054976821],[109.3341991239091,33.85998510401861],[109.32474516745313,33.85714783213903],[109.31177000987613,33.85690603415236],[109.30134716673788,33.85939109872649],[109.29318225420846,33.86391487334975],[109.28333288137549,33.86731102565471],[109.27286198245342,33.867947395167995],[109.26269510468705,33.869732095783384],[109.25088997922961,33.87223448033208],[109.24100395407251,33.87424352645061],[109.23080753469564,33.87486989303917],[109.22134940313302,33.871791663355694],[109.2105462094709,33.87011967913228],[109.20111149559828,33.86796280233877],[109.19085020898393,33.8658187115849],[109.1803896834098,33.866907009186534],[109.16879296909124,33.8666280077354],[109.15907276963014,33.86401096592933],[109.14933763513787,33.860700226637384],[109.13913742420301,33.86109048311808],[109.13011957523953,33.86492290508354],[109.12308007217132,33.87080121620401],[109.116606914563,33.87736248214205],[109.11125725985185,33.88482984375078],[109.11033779999146,33.8929213878479],[109.10692358567843,33.900591341603985],[109.0973376160679,33.90396776375244],[109.08803710720937,33.907800244375295],[109.0770851553609,33.91188762947786],[109.06748116785168,33.914568672411924],[109.05760011670742,33.91725460779991],[109.04549041252109,33.9190462585155],[109.03601402263715,33.915029794954044],[109.03171265510404,33.90770755805293],[109.02547969323923,33.90041321464771],[109.02008630930935,33.89356656401763],[109.01410691289591,33.88511261428945],[109.00491189965123,33.88109009131872],[108.99443208162383,33.88146847879178],[108.98495291059434,33.8769872194696],[108.97381988905607,33.87252688494735],[108.96365551808829,33.874745388221086],[108.95397043325931,33.87349669530095],[108.94749120802496,33.86712188975761],[108.9383015784343,33.863093935805864],[108.92836154150362,33.86276932186589],[108.91677578657459,33.86292517225987],[108.91303477690657,33.85535941063913],[108.90815400863964,33.84596182138321],[108.89945550184356,33.83869240640147],[108.89079559016528,33.833268557331635],[108.88136471070305,33.83062252330924],[108.87570366728764,33.82331115460313],[108.8656909745126,33.81905823484949],[108.85525027956216,33.82103996902112],[108.84477765794873,33.821406916015185],[108.83694599615849,33.81573534955857],[108.82856884969175,33.810303747045886],[108.81839507866891,33.81181878053976],[108.80710953418168,33.81288381480331],[108.79660293695632,33.81140000097357],[108.78629068099622,33.805526759747956],[108.77605241531637,33.80357553125535],[108.76586573930484,33.804392942474095],[108.75653980070979,33.807045406141214],[108.74948219786918,33.81313124084048],[108.74882356458235,33.822371104676506],[108.74842829312836,33.83091749878816],[108.7388099817171,33.83287820678017],[108.7274877147976,33.832089031042266],[108.71804581410451,33.82850859393167],[108.70835799369573,33.826543836300054],[108.69817169324378,33.82758767392833],[108.68717866789547,33.82979166759811],[108.6769997742368,33.83129181417259],[108.66708864524983,33.83232809961996],[108.65580212112997,33.83361064293878],[108.64587819562661,33.83395213724715],[108.63509621089638,33.83245594911051],[108.6262063521661,33.82863058951072],[108.61675416742517,33.824116325967005],[108.60837536987987,33.81774543003314],[108.60357115617803,33.8106414012918],[108.59902010472135,33.802151089809456],[108.59723390524304,33.7940909162091],[108.59187685784937,33.7867629022263],[108.58515757326674,33.78037160638424],[108.58282249569605,33.77231789814821],[108.58018953040775,33.76288261541061],[108.57266517519867,33.757653064076585],[108.56223269145087,33.76006862728753],[108.5537828021186,33.765928150215025],[108.54699253485413,33.772229726375826],[108.54271052060766,33.78035303361058],[108.53507266514453,33.785509183986164],[108.5254765718371,33.7888379987334],[108.5158761267458,33.79193348934949],[108.50489693226505,33.79504550175803],[108.49334455051785,33.79677464314082],[108.4823322922804,33.79780551346103],[108.47157191885769,33.79721706601462],[108.46161168749312,33.794772862537805],[108.45082123082558,33.79210573940361],[108.43918846534686,33.788289961852804],[108.43028653287753,33.78260268092352],[108.42220291769809,33.77621593891112],[108.41356918880021,33.769832364283424],[108.40575393290308,33.76274720456695],[108.39686950527438,33.75798044400221],[108.38978572136868,33.763814056579655],[108.3824502907662,33.77149554332477],[108.37592146279195,33.77778507950346],[108.3674437042313,33.78270743307115],[108.3578347824738,33.78555940155865],[108.34764982613356,33.78656976263613],[108.33771538082503,33.785730990558505],[108.3285694723093,33.78188400588887],[108.31942102113752,33.777806018170644],[108.31162505909985,33.771637746340154],[108.30574443917898,33.76430170851414],[108.29582525000777,33.76438255681657],[108.28591135606622,33.76492305274908],[108.27705142452957,33.76153078557853],[108.26845634936531,33.757212988497734],[108.25626997658232,33.7519999617993],[108.24821378554206,33.74652174147066],[108.24098304102068,33.740805994642876],[108.23429023132893,33.733933249904695],[108.22651866166422,33.72891247709437],[108.21766256981397,33.72528746554249],[108.20690809720544,33.72421123384301],[108.19725859564602,33.72335879135305],[108.18758079313773,33.71996579262428],[108.1789976018403,33.71587133958677],[108.16985722962396,33.71108801894971],[108.16072240819788,33.70676673683231],[108.15082763079451,33.70844916045316],[108.14094662174584,33.71151686432614],[108.13273724325819,33.716420885570265],[108.12284261253279,33.71833112159343],[108.11507229905568,33.71261185791827],[108.10517818628553,33.71452283955857],[108.09556586843503,33.71712264774336],[108.0856638650603,33.71833885345251],[108.075483558346,33.719324996644815],[108.0660955712092,33.7168439504315],[108.05805866161909,33.71158465476448],[108.04784398678024,33.708874909186655],[108.03655646656506,33.70917303999884],[108.02638582240483,33.711078174229264],[108.01567146714429,33.71390760503876],[108.00579138472717,33.717656665164334],[107.9959102080122,33.72140485794937],[107.9860359532372,33.72607326367131],[107.97725447939217,33.72981410372034],[107.96737063678034,33.73355977261619],[107.95611604324178,33.738234109496666],[107.94648463928215,33.739435152319935],[107.9406436275391,33.732540651491206],[107.92960186520108,33.729594606568426],[107.9188568455963,33.72918431054564],[107.91118797845233,33.73476169257477],[107.90296523764655,33.74010731137349],[107.89306091621756,33.7417695578653],[107.88640304241704,33.73556726838264],[107.88331502925513,33.72773346872292],[107.87884682987611,33.71944423118418],[107.87081366285919,33.71301586162486],[107.86195731857693,33.70682336264849],[107.85447226003818,33.699699531054165],[107.84972371537293,33.69002549249853],[107.83950934090115,33.685913068361664],[107.82877662693213,33.68641765759937],[107.8211026631845,33.691526408119955],[107.81675442951227,33.700083496555315],[107.80658076407967,33.70219931244189],[107.79612088400769,33.70270039330533],[107.78595619247929,33.70643084138688],[107.77688817842038,33.70946361171682],[107.76559294556021,33.70858126735563],[107.75567617234154,33.707922069982935],[107.74328659119872,33.70819238404235],[107.73365817093851,33.70984057273505],[107.72430960561951,33.71240883357493],[107.71523808177861,33.71543666850924],[107.70478552946416,33.71777610914519],[107.69460837732049,33.72011218374809],[107.68664445874222,33.7247512940565],[107.68117270494977,33.73215206630248],[107.67570399036991,33.74047586051306],[107.66857003920535,33.74649490832758],[107.66088211091072,33.75205534385271],[107.6592685758397,33.760598322663434],[107.66371297590699,33.76820498305972],[107.66925944234931,33.775576261154946],[107.6698510160612,33.78411388517201],[107.66824034977188,33.79311948775481],[107.66828080434422,33.80165715145368],[107.67245125971273,33.809032978374596],[107.67827471262572,33.81594063509234],[107.68791699913528,33.81429956223178],[107.69755545067393,33.811964649121336],[107.7071956650624,33.81008942901899],[107.71082010699071,33.817696675596345],[107.7105933430714,33.82692731896188],[107.7092626664873,33.836163152315066],[107.70820312808897,33.84447544622548],[107.70769525824653,33.85278503580601],[107.70719170320004,33.862017783576036],[107.70696910158095,33.87217348143988],[107.70673982578914,33.881173362440414],[107.70816589249618,33.8899395530525],[107.71097704818332,33.89962337012486],[107.71405606561893,33.907690675732496],[107.71824122334873,33.915984956916425],[107.72215121376117,33.92428150135984],[107.72798623442517,33.93095559299217],[107.73492445676003,33.937165626280034],[107.74516257494568,33.940823642148494],[107.75539005880563,33.94240645523664],[107.76589791938459,33.94467869307346],[107.77338697021928,33.94996025014742],[107.76457048124999,33.95368159195868],[107.75575240353064,33.9571742891071],[107.74694678353731,33.9629707573443],[107.74229792137967,33.97129493919855],[107.74207166636104,33.980063784597824],[107.74460530194611,33.988362628546206],[107.73772979563368,33.99415400127878],[107.73224396689668,34.00155519351678],[107.72869611566936,34.00964280383664],[107.72431385957064,34.017040284481695],[107.72132089765158,34.025817707117845],[107.71888118497864,34.034822488022336],[107.71422757100164,34.0436053494606],[107.70678991973,34.048934559138324],[107.69962842980505,34.054493288084814],[107.6941335867496,34.06165975774445],[107.6930754635201,34.07112330415958],[107.69561342258272,34.08057573411107],[107.69565586201315,34.08888301279632],[107.69486918275628,34.097423144542475],[107.68992823847532,34.10528163977684],[107.68415135951514,34.112217242979504],[107.68114575348646,34.12006980846617],[107.68229607512598,34.128834396062096],[107.68040042785618,34.13737686044346],[107.6737851205229,34.143393625219204],[107.66605833205384,34.148719783144344],[107.65583371804368,34.15312976986787],[107.64531069286663,34.152924007673825],[107.63890948447337,34.14555663656689],[107.63582893582273,34.137486923123916],[107.63164359502889,34.12988422306471],[107.62140240452655,34.13013662514669],[107.6133937443374,34.1347687345541],[107.60510786109829,34.13963038160755],[107.59654251431071,34.14403096377381],[107.58769945781968,34.14843078533805],[107.58107971591429,34.15536511191797],[107.57557473692461,34.16460357932051],[107.56895060583332,34.17084432430733],[107.56065677204447,34.17524224661214],[107.55095908445625,34.17410312557075],[107.54180778652712,34.170657327650275],[107.5329304262481,34.16582545748039],[107.524606224367,34.1602983490837],[107.51904493837013,34.15246249530305],[107.50989569508845,34.148321284543414],[107.49909202744092,34.14625585739574],[107.48884484611406,34.14511307833608],[107.47776975705541,34.144893519839876],[107.46724469096141,34.14305563568964],[107.45920553478784,34.13821685955478],[107.45420719751222,34.1310690779891],[107.44589186554755,34.12553833448572],[107.4362092293155,34.12831165900785],[107.42791321701543,34.133160527191],[107.42238777155248,34.13985529237393],[107.4160308814506,34.14631802860745],[107.40828642646767,34.15162679315378],[107.40192995251613,34.16016479456894],[107.39806451224979,34.16847050912811],[107.38837383195447,34.17054914350293],[107.37812525193841,34.16962667347258],[107.37091904549231,34.164090872450146],[107.36703446840575,34.156477097988606],[107.35927615759051,34.15093921566855],[107.34903411730515,34.15485921063484],[107.34183924636586,34.16201074450635],[107.33159221964567,34.15993096765208],[107.32245177776778,34.15577258965808],[107.31248378445466,34.15692338364526],[107.30251563374635,34.15945438828086],[107.29254647792898,34.1631399226743],[107.28230007118138,34.16682374251867],[107.27149857220458,34.16842878990041],[107.26263783173927,34.164036376911426],[107.25710187299107,34.15688067484198],[107.25045933804482,34.150181365705514],[107.24187846946029,34.145558001348405],[107.23163630532612,34.14323908513755],[107.2211157894138,34.1429944139499],[107.21059373943555,34.14436456852253],[107.2003483626222,34.145502356236015],[107.1898263591442,34.1461800553948],[107.17958123515405,34.14708581626062],[107.16878133365219,34.14798841424652],[107.1590884342783,34.14935492618178],[107.14911611195402,34.152105058036376],[107.14052471212158,34.15624131073292],[107.13055030207467,34.15921998523755],[107.12030276806551,34.1598902473723],[107.11006084601215,34.158020860016876],[107.1028749185083,34.15223574456756],[107.09957325322812,34.14322979387241],[107.09931735696213,34.13446348658828],[107.09656967478092,34.125920240618456],[107.09049743033835,34.11898387364068],[107.08328662479205,34.12450358419662],[107.07607435078556,34.13048319979307],[107.06720537262572,34.13438252395933],[107.0605428907806,34.140824179237235],[107.05858098865698,34.149123653372094],[107.05800094391418,34.15812047412105],[107.04968001610534,34.16271164014591],[107.0394328879532,34.16291432798725],[107.03276576447985,34.16935419742145],[107.02858611542301,34.17718554190748],[107.02772779829463,34.18548775022584],[107.02913694903668,34.19144207295242],[107.02836535055422,34.19215663918554],[107.02436894020028,34.19585956785242],[107.01438690208313,34.19836769316822],[107.00660825886504,34.20434180475359],[107.00242481193854,34.211941773034965],[107.00183961001214,34.22047519380774],[106.99513289365542,34.22639732430434],[106.9876710631225,34.22965543521251],[106.97795442756883,34.23377525746978],[106.9685185828306,34.23744912406101],[106.96675642569349,34.237712657502854],[106.96252394894917,34.23838196750301],[106.95849589734014,34.23862461963828],[106.95606994948149,34.23894551219788],[106.94606646001797,34.23666083900266],[106.93608083100055,34.238239159937486],[106.9329948797284,34.246531283997484],[106.93212377677096,34.255294812982555],[106.92792392531571,34.26427489292293],[106.9204121567501,34.26978193995649],[106.91538447495483,34.27737537619212],[106.91222232790155,34.28631041250122],[106.9058969812481,34.289563998072204],[106.90096408646197,34.29271108910283],[106.89478025389135,34.29390020947389],[106.88478883962358,34.2950136929753],[106.87826621439629,34.2957383862829],[106.87646473335747,34.29543776258407],[106.86727039054392,34.293428948125005],[106.86364362839907,34.289660705274954],[106.86070100763105,34.286603090286455],[106.86066974634124,34.28545598983965],[106.86046928949949,34.27806757944537],[106.85440604125395,34.271119703381686],[106.84468772160372,34.27338236095833],[106.83799557767364,34.27981025504836],[106.83305563907146,34.287609863581245],[106.8245698102437,34.29025374418352],[106.82337335781702,34.29066141605108],[106.81434412005942,34.292847326867175],[106.80527151076156,34.296261405518955],[106.80407148238857,34.296623664895264],[106.79542937271067,34.30128823974735],[106.78431877161502,34.30353790434922],[106.77686396896335,34.2979635270837],[106.7713671058597,34.29009266725236],[106.76474978481511,34.284058842131174],[106.75425405237635,34.277543798848264],[106.74485820381352,34.27264737267356],[106.7348737138948,34.2728249817468],[106.72514182063892,34.27646068077732],[106.71573282671976,34.273637741177424],[106.7068844796076,34.270128035876404],[106.6963660298213,34.267529244293485],[106.68697663738327,34.26239789013422],[106.67898030966548,34.25658226243995],[106.67239056280295,34.248236870717996],[106.66411021540175,34.24357085438184],[106.65446712393727,34.23612830720443],[106.64366280570528,34.235370294626875],[106.63421968926171,34.23761533482484],[106.62477057589969,34.24055458186166],[106.61391702576526,34.24555896114258],[106.60310208832414,34.24594791542213],[106.59229898249998,34.24495266167351],[106.58257026159386,34.24788366275322],[106.5742060922164,34.253132623597615],[106.56581944289731,34.26068697121047],[106.55938592849957,34.26687111696025],[106.5532106122882,34.27490089164089],[106.5478754082527,34.28201529043794],[106.54033731019817,34.287267196696824],[106.52924981893669,34.28649356671712],[106.51872399382738,34.28503154061727],[106.51741759210914,34.276717052809154],[106.51277305552918,34.26952994583614],[106.50676380327128,34.26025771276604],[106.50019881689227,34.25120977429494],[106.49806833715466,34.2424263282903],[106.49789157498647,34.23227419942857],[106.49798104683818,34.22327776745908],[106.49973322762979,34.21429313913495],[106.49982022540831,34.20552671746348],[106.49796775879555,34.19674562448885],[106.48999875694678,34.19022375083782],[106.48288034590857,34.18186374281251],[106.47881281045325,34.17329466680819],[106.47475043101728,34.16426502052822],[106.47155498896149,34.1517819340104],[106.46831823134983,34.14345080203072],[106.45978892366588,34.13830646522269],[106.45210057483708,34.13224703191101],[106.44301700447375,34.12732812727448],[106.43448092240763,34.12310479222741],[106.42348775047685,34.115862296107565],[106.41469787563663,34.10978858523696],[106.40645959154513,34.10395249566138],[106.39597039165885,34.10155599299395],[106.3854688897478,34.10031169738533],[106.37496208750682,34.09952904718199],[106.36334121322396,34.09942602529754],[106.35281867271624,34.10002469537797],[106.34283322516877,34.10201196808152],[106.33313739093438,34.10284833096371],[106.32560210798451,34.108087007696355],[106.3227118165894,34.118212642807926],[106.31844544943856,34.12763401625967],[106.32082129780983,34.13711538741267],[106.32516147360221,34.14453814825673],[106.33032120521631,34.152893020917226],[106.33076414488829,34.16212408575262],[106.33176902071295,34.17067083341021],[106.33694318378916,34.17810006357551],[106.33628680665578,34.18663240910124],[106.33231165710116,34.1946713340597],[106.32806476003154,34.20224661940444],[106.32547031309942,34.21052879119374],[106.31653077037079,34.21644558383791],[106.30433816612502,34.21633249054805],[106.29322569197564,34.218534831179575],[106.28299908589585,34.21636163660364],[106.27589687584057,34.20821916385827],[106.27684566171575,34.19900012515983],[106.27667725311736,34.190460672093984],[106.27096946791323,34.18186920916863],[106.2649678836376,34.174659581356686],[106.26259136600851,34.16563770583529],[106.26271028151082,34.156410764414446],[106.25614271468758,34.15034700151646],[106.24643107345851,34.15186875509676],[106.24321489495092,34.14376146318594],[106.2419610101118,34.13382708775309],[106.23846241990248,34.126178756085544],[106.23108184205914,34.11918262547249],[106.22314518358938,34.11241159155335],[106.21182442711341,34.11045294849512],[106.20187441764969,34.10942885154475],[106.19078665356203,34.110698543702476],[106.18106596421512,34.11313551836908],[106.17051125628791,34.11579578503385],[106.16403201648886,34.123802180376124],[106.15784490443355,34.13065860851718],[106.14962005615516,34.125034369575],[106.14475092046217,34.11713734369781],[106.13651151368994,34.11266521626912],[106.12521605993442,34.10908002692736],[106.11603027696243,34.11267188806696],[106.106528769844,34.11879795265114],[106.0972927508862,34.125617423100095],[106.0867824014781,34.125038568450265],[106.07596679215074,34.126300835574305],[106.07059896700866,34.13339396079194],[106.06604940922351,34.14118633724043],[106.06095625945507,34.148282674961074],[106.0533775217706,34.15488645178204],[106.04499945672154,34.15940451974281],[106.03390191385292,34.16065896480529],[106.02282618074356,34.160529131649405],[106.01017400662418,34.15507208222188],[106.00137018264327,34.15150775573044],[105.98947653257467,34.150672425652985],[105.9792440734501,34.14985526195057],[105.97297964445511,34.14354911089374],[105.96389397906825,34.140438182398],[105.95313644446648,34.137999503977866],[105.94237616167925,34.1357877316363],[105.92996721170253,34.132864351523935],[105.91646003968694,34.1294627587296],[105.90682049491416,34.12657141000947],[105.89473571353366,34.121107534056485],[105.88366125311998,34.1211966692613],[105.87282734284838,34.12336271470975],[105.86331822494812,34.128775810751584],[105.86095539466095,34.137052244205755],[105.86609061980283,34.144040240970114],[105.86069474660435,34.151583722191596],[105.85022410853881,34.14867712201028],[105.83863863918714,34.146214838658615],[105.82871106131753,34.14400539778102],[105.81794843332908,34.142014356459505],[105.80835399427167,34.13680643554496],[105.8007026479818,34.13139620127862],[105.7933770047889,34.12344910186744],[105.78487597354113,34.119177495719725],[105.77594587001491,34.12297665445024],[105.77027876502213,34.12982106485633],[105.76817403723277,34.138560370167525],[105.76718531021872,34.146852740219],[105.76700898531652,34.15607912652126],[105.76544769085628,34.16528744130094],[105.75812454154642,34.171645935562516],[105.74916442499915,34.1765957990686],[105.73890017313016,34.177372769270164],[105.72893001141972,34.177230554729206],[105.72240597606621,34.17090629861266],[105.71363611539788,34.16616471368971],[105.70346029213025,34.16255671241711],[105.6938616243964,34.157801868999044],[105.68537146601943,34.15306273194383],[105.67631457995039,34.14900621241031],[105.6692719481119,34.14128619296382],[105.66723104316125,34.132719169231166],[105.65966525467024,34.1236057721746],[105.6537473718514,34.11521090280196],[105.6500678491782,34.105694106673916],[105.64722881571315,34.095728891346944],[105.64408041022571,34.08737210194782],[105.63674042710815,34.08103030629881],[105.62403151012884,34.080144859254816],[105.61669522009507,34.086957411450584],[105.6098473975719,34.09677350044025],[105.60010103471942,34.09962378365827],[105.60715863354254,34.09303991383616],[105.60372318178193,34.085372102551524],[105.59466381489682,34.0820016296258],[105.58474025026806,34.08023123562603],[105.5755487554193,34.08308710718059],[105.56301143946628,34.08704445624243],[105.55407969147049,34.09059629888585],[105.54758084084331,34.09672212960045],[105.54735900739075,34.10687371498251],[105.54689587145195,34.11540461162045],[105.55029136802932,34.12468944804825],[105.55848361487435,34.1298962553224],[105.55637066501603,34.13793895482787],[105.54930488953799,34.144519411645504],[105.54356617293806,34.15365840244742],[105.54143092656926,34.16262346669086],[105.5445817618705,34.170517684810996],[105.54901649620157,34.18304863159515],[105.55187703285972,34.1916324070628],[105.5527886299843,34.20064572110716],[105.55287936187467,34.20918591660541],[105.55598311037934,34.219387550223445],[105.55276346623768,34.22718158690883],[105.54487831654393,34.23282568325197],[105.54190938323596,34.24177724850408],[105.54283124531916,34.250327753257906],[105.5418068047412,34.25907977738385],[105.53420484233078,34.264265512214244],[105.5317936454943,34.27299431829117],[105.53972230427078,34.27819667868547],[105.54680506926296,34.284078245203744],[105.54996114759047,34.291973698904954],[105.55789819919661,34.296944611007895],[105.55909949628881,34.30549955174912],[105.55203413338141,34.311386584785325],[105.54206268430269,34.31053556944048],[105.53073515439742,34.308279968983626],[105.52121239406536,34.31227861570367],[105.51633694094704,34.319352383088216],[105.51118313407989,34.326420781971976],[105.50488232810675,34.33508814214472],[105.49972682171958,34.342155940655296],[105.49374307060607,34.34898015679788],[105.48967466410913,34.35698841410254],[105.4869881589434,34.365250180702326],[105.48346869038542,34.373498559142924],[105.47854422345377,34.382415592425644],[105.47091552285002,34.38805674371663],[105.4640661683586,34.39601846088776],[105.4548228733245,34.399324002810324],[105.44531121578265,34.40216557868721],[105.43324617896663,34.407268577589264],[105.42585154272777,34.4145270168426],[105.42562409294408,34.42421301198465],[105.42180118992574,34.4331462396416],[105.41606018383042,34.44089152223023],[105.41363533893602,34.44938638079853],[105.41285614515368,34.45883129972902],[105.41377707648532,34.4669210370485],[105.40913300321485,34.47514725091063],[105.4031310768005,34.48196595923538],[105.39413119638121,34.48619653920655],[105.38540784042354,34.490429542155766],[105.37527158611279,34.49555946042926],[105.36677939135411,34.501641474829604],[105.35617410810652,34.503070970183],[105.34416120908278,34.50516661751823],[105.33168840693162,34.50333211671511],[105.31973728798339,34.50288776011619],[105.3134366233303,34.5101584512726],[105.30851903938257,34.51768229989634],[105.29926069711487,34.5207471927405],[105.28840210629252,34.52101225394472],[105.27808883941243,34.52174777894229],[105.26441428732156,34.52334317379984],[105.25447257633778,34.52039463759099],[105.24656813528986,34.514018935641325],[105.2366465956874,34.51037417337275],[105.22739193730875,34.51320325273573],[105.21670419382386,34.517617354975044],[105.20716994914251,34.52043671124364],[105.19655928606097,34.52185149696583],[105.18543520718768,34.52164091731997],[105.1749100905624,34.519826242231545],[105.16351400276132,34.51937755713452],[105.15398381839225,34.521962457308355],[105.1460561569134,34.51673463319826],[105.13931656964769,34.5087606576423],[105.13425290859081,34.50058782038393],[105.12948058485992,34.49195836613514],[105.12445659632111,34.48240239594036],[105.11938364511416,34.474688839493176],[105.11233444660911,34.46809179781343],[105.10612644280944,34.46127798966765],[105.09762677437776,34.45695687338],[105.08708005183274,34.45628661997659],[105.07887225995778,34.451510108209504],[105.07352167237806,34.44402049614273],[105.0659165775712,34.43763814692245],[105.05543800885961,34.43465989173742],[105.04668552694284,34.429638516478306],[105.04077704860975,34.42236481900818],[105.03227814111862,34.418271046279],[105.01868223123869,34.41753228275588],[105.00833991819559,34.41962861105773],[104.9973814348261,34.42378632961914],[104.98700422432486,34.42703101453876],[104.97466160243582,34.4309291125728],[104.96451284663739,34.43579304387722],[104.95469514068894,34.43881759581344],[104.94361023503018,34.437661184443854],[104.93315643005235,34.43397936785892],[104.92075285419278,34.43048542865498],[104.91098925850898,34.431661329147346],[104.90137130447958,34.42799404135749],[104.89092107623121,34.42430837410508],[104.87947029116482,34.42613660719328],[104.87020580959603,34.42916723692953],[104.85955176641134,34.43216596024209],[104.85026505636053,34.43588513682766],[104.84069930287124,34.43959680451148],[104.83092665031849,34.44099596616118],[104.81974266435216,34.44305728434638],[104.80947815648173,34.442366139732066],[104.80158838932377,34.43688426470028],[104.79541640144896,34.42982350784347],[104.78781363708741,34.42411515391084],[104.77762554843491,34.42988509116657],[104.77791091698785,34.43843075506096],[104.7809966350638,34.44634373984487],[104.78493038371936,34.453817081725745],[104.78992603252298,34.46292794539742],[104.79327010264133,34.47153966076932],[104.79270897687292,34.48052451421829],[104.7841814210982,34.48633355008546],[104.77713738707223,34.48040621358457],[104.77152782122715,34.473125932323455],[104.76215958871313,34.47037644497996],[104.75250696012584,34.46785154516476],[104.74520336831975,34.461455130967344],[104.73816445166601,34.455525286937885],[104.73090087288232,34.44797547516964],[104.72529785248881,34.44069274299611],[104.71940309285571,34.43386500364028],[104.71268363927338,34.42678802319288],[104.70188887526348,34.42538532057188],[104.69212303103465,34.42654268067751],[104.6825283189829,34.43093360879863],[104.67618997854358,34.43770741161762],[104.67308513171578,34.447556918806654],[104.67031058811551,34.45579866744104],[104.66534303598287,34.4630652207844],[104.65737161396389,34.46864698486466],[104.64969204756625,34.47377303374996],[104.64039809526471,34.477242852460535],[104.63059378776917,34.47931728828546],[104.6218464406652,34.48303234756868],[104.61336047064971,34.48721404886819],[104.60302974467797,34.4883492304375],[104.59346980568321,34.4913501357507],[104.5827182048075,34.49662777354351],[104.57828865382453,34.50413505630696],[104.57194305554609,34.51067266217443],[104.56168020939523,34.50972947739361],[104.5534904356637,34.50514581949321],[104.541838395196,34.50416824193781],[104.53329803318272,34.509726311406006],[104.52747237999242,34.517198689646435],[104.52077117456278,34.525800521948376],[104.51165489066227,34.53180416150814],[104.49963995468102,34.53312164088104],[104.4917457809607,34.528078978076046],[104.48192352897487,34.53037069362619],[104.47572330294959,34.54036727510056],[104.46748534198251,34.545005645737625],[104.46058796938507,34.55106165666653],[104.46308942302774,34.55896929925418],[104.45483259729515,34.56406896212635],[104.4446762603182,34.56773423773014],[104.43717724750546,34.574925585694984],[104.4265288309274,34.57673162956649],[104.41469007294394,34.572966855488595],[104.40489319552167,34.5743296864212],[104.39433731883476,34.57359611449951],[104.38266023256202,34.573064743743814],[104.370097393289,34.57389077014928],[104.35963571385888,34.570619638043325],[104.35550880853008,34.56174246213241],[104.35275646087264,34.55336459757493],[104.34945720638837,34.54474080131092],[104.34453278669001,34.534919317647805],[104.33895917932942,34.527618386165344],[104.33230901843653,34.51936760644003],[104.32533889532148,34.51226063531023],[104.31309769570643,34.5121662288882],[104.30432326334872,34.51608706374288],[104.2955128660836,34.52092943165745],[104.2858674677106,34.52574691281661],[104.2773505328257,34.53013368692652],[104.26850184851905,34.53589615180652],[104.25833209847838,34.53977510273259],[104.24710188081555,34.54224058838078],[104.23577321903883,34.547239303314065],[104.2282925911722,34.553497246951835],[104.2235209997534,34.561674466423675],[104.21768023894877,34.568668615110404],[104.2062562212748,34.568817547892095],[104.19644735217574,34.57039266279352],[104.19608697442153,34.57961420426688],[104.19966763681414,34.587788227209224],[104.204909198502,34.596239360009086],[104.20793465991929,34.60439873298085],[104.21008073219538,34.61368757725242],[104.20559096795773,34.621641934690274],[104.19494046301689,34.623194323327],[104.18428953304065,34.624745732831],[104.17473320151633,34.62678940672074],[104.16457480005622,34.629967669656565],[104.1538763488143,34.632670568913674],[104.14185859061229,34.63348848182832],[104.12983144177892,34.634535101745286],[104.1183517064709,34.63582737233946],[104.10850500110432,34.63808705354662],[104.09862952236288,34.641037991732254],[104.09111051435711,34.64774872088513],[104.08911334887112,34.65576836733903],[104.09240750418735,34.6639366477567],[104.09797718538394,34.67101870668148],[104.10264762355969,34.67968684702066],[104.09437332280396,34.68429801741744],[104.08604173546684,34.69029274226828],[104.08376431339009,34.69830347211287],[104.08622376645415,34.70644824939097],[104.09063465939126,34.71465044764036],[104.08751128162216,34.72286767207149],[104.07693857612323,34.722105151588984],[104.06678587155515,34.71789218048181],[104.05831544163854,34.713497796747404],[104.04841022403464,34.71690416105158],[104.03848481085171,34.720771780348784],[104.02878033582925,34.72602908726279],[104.02072778685715,34.7317954112445],[104.01672209828133,34.74090873042341],[104.01774367210119,34.74993758225069],[104.01731383345752,34.760306865129614],[104.01171904500578,34.76729818526105],[104.00549841177246,34.775885686807584],[103.99640049715141,34.779773496284776],[103.986157113522,34.78431970225392],[103.97504660603651,34.78953054520937],[103.96584838313734,34.79572184473901],[103.96914559445115,34.80366284020123],[103.9727318159289,34.811382590250645],[103.97345077148874,34.820864603042075],[103.9678479547507,34.827851225966896],[103.97086706826255,34.83578538470064],[103.98110729433209,34.83816261907621],[103.99113665008882,34.83891628964663],[103.99901977760659,34.84422406120808],[104.00253426571375,34.85378418623692],[104.00922605711844,34.860902227316345],[104.02042518774344,34.86722606691746],[104.02766915348043,34.87458578644559],[104.03297803491137,34.88143124103677],[104.03281971665031,34.89203815631553],[104.0266296061226,34.899704119632545],[104.02182564942186,34.907640873053516],[104.01209704821079,34.91289604584368],[104.00288749527529,34.919087469077944],[103.99380165231426,34.92228495745112],[103.98059144368108,34.923745029542026],[103.97076300492542,34.9246085839896],[103.9586501426359,34.9265612333004],[103.94956179551808,34.929752989222294],[103.93983538621248,34.93477211484791],[103.93337302872365,34.94196191558568],[103.92880733050498,34.95059315831828],[103.9259175904431,34.959275509816145],[103.91948168724191,34.96577476979019],[103.9101076159362,34.9689543894613],[103.89923369863615,34.96793915716897],[103.89037775483716,34.97205694986764],[103.8830495908853,34.97967873427546],[103.87365221025651,34.983319636034025],[103.86294630548531,34.98484098017733],[103.85296989090547,34.98246264275424],[103.84506292549867,34.977607493578375],[103.83441770534557,34.97774469339072],[103.8216632547205,34.98127602541784],[103.80782972654856,34.983851843875726],[103.79656300926892,34.985350862496794],[103.78715059170379,34.98921235249414],[103.7848341200722,34.99721536760125],[103.7821553318258,35.00705470066416],[103.77252211012066,35.00952424597262],[103.77092460782711,35.00140033424515],[103.77222720885435,34.99105724881208],[103.77065074548766,34.98247124004625],[103.76825644606835,34.97339973913254],[103.76738431565045,34.9616049975183],[103.76999144864503,34.953379312359495],[103.76647001585256,34.94450248087423],[103.75560115863361,34.94347150252451],[103.74481562537726,34.94682548133985],[103.73729965046017,34.9521278365222],[103.73136633235508,34.95955719400355],[103.7325750443916,34.96997790848396],[103.73385714110287,34.97878498048839],[103.73563596255727,34.98899218209948],[103.73372832307932,35.000237820298906],[103.72375110584062,35.00407755247771],[103.71416172068197,34.99939140952745],[103.70260461840753,34.994872509139554],[103.70873259200098,35.001758349167616],[103.7169245348166,35.0064000674332],[103.72754223731624,35.00696547282636],[103.72820234805857,35.01713721073741],[103.72121664344593,35.02291677312294],[103.71413626695112,35.030769125003076],[103.70707549937505,35.03815903845708],[103.6995271822543,35.04392056653037],[103.68814463192602,35.04771203023962],[103.68060434549714,35.05324017207934],[103.67189141731441,35.059883417042464],[103.66243211330024,35.06442637576407],[103.65264975987603,35.06988287680668],[103.64316622191865,35.07488389131329],[103.63247706477664,35.08169335949622],[103.62819275212209,35.08939989466064],[103.62308954020018,35.09661759629769],[103.61383862302729,35.10254742562013],[103.60408019776203,35.10730791882856],[103.59491374189419,35.1113930624653],[103.58546555029021,35.115467679768805],[103.57430308666011,35.12017909393046],[103.56316168674797,35.12442979760836],[103.55253578969172,35.12961840542498],[103.54359967459526,35.134630788602415],[103.53577200048974,35.139909532997244],[103.52638330936772,35.14259808064658],[103.51450663348396,35.14451168007803],[103.50097014222408,35.145906934716706],[103.49453595286103,35.13969256332934],[103.49156384289375,35.131520204543456],[103.48719180357848,35.12329777487913],[103.47691873520023,35.12110721415204],[103.46447223558499,35.12322774854433],[103.45456827016237,35.124971183832756],[103.44121255003054,35.12844241387006],[103.42933526374499,35.13034729433926],[103.41891466268487,35.131145913527405],[103.40882008810952,35.13103231215824],[103.39869100034183,35.131609507935394],[103.38697269546454,35.13028597578499],[103.37608355550859,35.12921958191035],[103.36588565825058,35.13117502768972],[103.35746301920905,35.13688306341497],[103.34989095692148,35.142389366309416],[103.34193387578445,35.14995981422014],[103.33599476008152,35.15644416067506],[103.33031111283918,35.1633981190732],[103.32051607152121,35.16836436720942],[103.30884092572698,35.17164835438652],[103.2998257895039,35.17779305715919],[103.29246722000536,35.18445712013767],[103.2853770751104,35.191361007722556],[103.28074881180207,35.19950547320761],[103.27976459961077,35.207777117858484],[103.27681761899179,35.21597977456278],[103.27189450587558,35.224343023369926],[103.26666689359266,35.23315735683443],[103.25825031677533,35.23839829385773],[103.24735939440806,35.23709012078896],[103.23739396136776,35.23419751912196],[103.22556162830712,35.229391518514845],[103.21504914440597,35.226248232117335],[103.20484622593328,35.22795962427817],[103.1934570692379,35.22547393259061],[103.18246110257095,35.226232195248265],[103.17322923363332,35.220129654588604],[103.16359743846797,35.21632010049117],[103.1529196132318,35.21639478618969],[103.14692219509793,35.223562948529384],[103.13564562380876,35.22430597546536],[103.1283064213386,35.23026793430562],[103.11768671543548,35.229188235825305],[103.10872431439564,35.233934817906615],[103.10324615011352,35.24181177398401],[103.09323296177988,35.245134865513315],[103.09055820668056,35.25311379536258],[103.08839374031481,35.262031241534594],[103.0826810175142,35.26897488680714],[103.07301816233638,35.27092634785766],[103.06245685119997,35.26868840249526],[103.05133483102468,35.266429661653746],[103.04163376011154,35.269070014982766],[103.03157733150245,35.273079284108015],[103.02234885371013,35.27735073589399],[103.01292693804264,35.27999758595127],[103.00213836478976,35.28190086033619],[102.99361411763125,35.27327263911507],[102.98898125163609,35.265482938494415],[102.98607018251926,35.25706645513961],[102.97649353294932,35.2523202543297],[102.9666132495167,35.25310069976359],[102.95928312530249,35.25859235237283],[102.95459242984234,35.26718297498218],[102.9523996005136,35.27632982343007],[102.9522088155864,35.28485955923293],[102.95315308386928,35.29320235267895],[102.9551949141179,35.30204967659226],[102.95612670046745,35.310622081250074],[102.95477505693908,35.319802531121695],[102.95422723528397,35.329703686971285],[102.95513371095223,35.33873767768737],[102.95629657867302,35.34824238140809],[102.95692263239769,35.357264984824525],[102.957498644397,35.36720875017816],[102.95771676861023,35.378524030382344],[102.95640288801208,35.38701045980843],[102.95423228407256,35.39569721860681],[102.95123111152965,35.40412034575515],[102.9446650375643,35.410793019447716],[102.93650152764478,35.415789406548036],[102.92679138242447,35.41818800264535],[102.91575316017139,35.41915296956165],[102.90572467143201,35.417153407977786],[102.89727095738834,35.41221476810836],[102.8885365751933,35.40726402812133],[102.87621047790229,35.40609609767242],[102.86778791773553,35.41061678973227],[102.86120137824821,35.41751672721918],[102.85464002342086,35.42395233725424],[102.84478232612572,35.428877664803174],[102.83659767239253,35.434098985490586],[102.83106492856967,35.44218958944911],[102.82529009227927,35.44957924761762],[102.81759787360545,35.455970809341025],[102.80993064330269,35.46190243390176],[102.79960982055229,35.4649585605333],[102.78990222265897,35.46711597716001],[102.7801553055267,35.469963988683226],[102.76955030962628,35.47300570923635],[102.76006888952034,35.47609338983501],[102.75317309468349,35.48320493389651],[102.74686481829438,35.48987791889921],[102.73860023505674,35.49624062130268],[102.72918085699422,35.50302154483641],[102.7200690972056,35.50934968890593],[102.71159956437319,35.51431820790081],[102.70257971306147,35.51903492593473],[102.69274141834153,35.52325586281719],[102.68133531262752,35.52533728926221],[102.66985209357284,35.52395152285207],[102.66005733738291,35.52263424236085],[102.64753155469003,35.51982031771721],[102.63663934135836,35.517993658889345],[102.62565190314793,35.51777822798217],[102.61511663225134,35.51942778867374],[102.60538450097869,35.521799533189515],[102.59586317598895,35.5253331375307],[102.58689041921849,35.52911996777794],[102.57617243463402,35.53375617299406],[102.56705890352913,35.53984261910534],[102.55828044599974,35.54501961760551],[102.54893830169475,35.55017373672506],[102.53989022897055,35.55510744032612],[102.52968588336088,35.555838402438226],[102.52153634342592,35.550653332980474],[102.51348577426884,35.543857803346484],[102.50770250043574,35.53692408629808],[102.50113281442698,35.529034369836594],[102.49404349544484,35.52043049304962],[102.48857339006241,35.5130465533763],[102.48290770533679,35.504269712836084],[102.47784853248224,35.49482843819931],[102.47411174851203,35.48682472848443],[102.47353986508597,35.47779804508649],[102.4761465444411,35.46752330788092],[102.47442199179444,35.45891068568487],[102.46969031724213,35.44878773611434],[102.46335554049665,35.44182881626125],[102.4551544755802,35.433174613493094],[102.44854121652526,35.42620234868796],[102.43942933674124,35.418662335349595],[102.42887083809678,35.41175235643148],[102.41774681796129,35.40943560628188],[102.40673202732005,35.409888545095214],[102.3961927088432,35.411748143576965],[102.38501858241735,35.41473202699423],[102.37544329068588,35.41916880496921],[102.36548353889492,35.42520411308822],[102.35593475129328,35.429179946440854],[102.34543513050467,35.43034146535013],[102.33338036706861,35.42936088490205],[102.3228191460353,35.42705615244492],[102.31315940068441,35.42386802893386],[102.30351538850294,35.4204494753322],[102.29610302969898,35.41297070725631],[102.29153141219143,35.40515412980312],[102.28960616661008,35.395607011907465],[102.29053451030978,35.38549060921791],[102.29193544508894,35.37678224335392],[102.29639591604874,35.36866558531811],[102.30517120513163,35.36350770533456],[102.31067924619906,35.3565923011471],[102.31486988483847,35.348234577015525],[102.32309576511746,35.3428200606314],[102.3245067040189,35.33387914989019],[102.32083740210047,35.32517857193531],[102.31625334903096,35.31759444896025],[102.31026763322096,35.30994827631],[102.29849769896369,35.309204240709974],[102.29216018884551,35.302694790609365],[102.30035280192294,35.29774326474089],[102.31102568774278,35.29359106771043],[102.32047268429349,35.291001094579734],[102.33138029103836,35.28754880895557],[102.34140193993349,35.28475077402325],[102.35212791891543,35.279676049082376],[102.35926565984013,35.27351884086687],[102.36453991931006,35.2656668415574],[102.3673760428245,35.25632460870177],[102.36845699678076,35.24806131340961],[102.3771564487675,35.243818604520186],[102.3867395744034,35.23892189128353],[102.39392808602639,35.23184365804498],[102.39751400105604,35.223916444541445],[102.3989150126638,35.21497402063332],[102.39923699823574,35.20529423330392],[102.40228995008154,35.19688216983323],[102.40668596443705,35.18945398308738],[102.40837889813974,35.18029183164344],[102.4049442853671,35.17229697208504],[102.39427184737613,35.16329849409169],[102.38481467637907,35.15735271400997],[102.3745243267985,35.15575619585585],[102.36438505839213,35.15624322112222],[102.35467033200113,35.154438409555546],[102.3465590290176,35.14947181142914],[102.34198363776076,35.14188564539664],[102.3380116063899,35.13363338896663],[102.33225969654606,35.12692123504495],[102.32303290831628,35.121901804834394],[102.31729729674494,35.11495914438862],[102.31950130621983,35.10674452895391],[102.3175071465744,35.098344537584225],[102.31221415155085,35.08888092365549],[102.30777636789132,35.07922129040263],[102.30435640567875,35.07122292621301],[102.29952411517985,35.063392126685144],[102.29260132145826,35.05316341979961],[102.28161898838148,35.04506203227639],[102.27130169470531,35.04414762481124],[102.2609998464886,35.043000381495524],[102.2478430038784,35.04265028922531],[102.2386136838532,35.046630420541014],[102.22806008859109,35.04939403526807],[102.22085092894571,35.04376379296003],[102.21607332305345,35.035240315559726],[102.20596627831688,35.03109538705293],[102.19303536343563,35.02728694968534],[102.18275139832542,35.02590303274071],[102.17434008898191,35.02160220793853],[102.1666987414014,35.01410019618716],[102.16070528146423,35.00713612744078],[102.14951110689361,35.00686264821508],[102.13861116194768,35.00637162530548],[102.13096768705182,35.01179862015011],[102.12251467379801,35.01672588100916],[102.11242849196756,35.020888158048685],[102.1104244904562,35.03003134162042],[102.11127618093929,35.038384281986765],[102.10056691822494,35.04343757003858],[102.09153409665115,35.04856998962858],[102.08520468325973,35.05520888513033],[102.07722697279219,35.06131003477589],[102.06761562104404,35.06664339915211],[102.05890352053049,35.07109309133783],[102.05309847798506,35.07821633287074],[102.05467671982687,35.088217382067256],[102.05263353158486,35.0978207155372],[102.04604830961208,35.103984528235046],[102.04103317126057,35.11183411070652],[102.04161367093363,35.11994168936658],[102.0420256029779,35.13058221181597],[102.03434770799245,35.13623201881987],[102.0269504854114,35.14605324859037],[102.02169721024816,35.153199334913815],[102.02597820013094,35.16055262403054],[102.03338687905529,35.16735847722891],[102.03734357891548,35.17539124242109],[102.03344343845535,35.18329406085718],[102.02976053651503,35.19212874180695],[102.02806913867693,35.200594038712],[102.02640764767887,35.20859769106639],[102.0249650028443,35.21753564291375],[102.02023580579025,35.225167593479306],[102.015428576102,35.233952023057434],[102.00948323607535,35.242911615274124],[102.00423767474041,35.249826855792065],[102.00028357770638,35.258419302686605],[101.99472414022674,35.265779690181084],[101.9879330085306,35.27470178283323],[101.98001850629822,35.28356894670887],[101.97071592851043,35.29214225209578],[101.96354604000928,35.29827553140127],[101.95822969043421,35.306106892756326],[101.95626348340637,35.314327265046074],[101.95448294253205,35.323941149381305],[101.95106515950782,35.332786238654464],[101.94516818638863,35.34082358852963],[101.93436199329886,35.34239818471426],[101.92480781575001,35.33802525171706],[101.92027763752388,35.33019383553118],[101.91660548823312,35.322173899411254],[101.9092710834272,35.314208707687904],[101.89931918341067,35.30750769243729],[101.89217397575328,35.30093737952618],[101.88461109200654,35.29227012554717],[101.87921440444889,35.28485681219034],[101.87444309818069,35.27655027144885],[101.87076287030887,35.268756016529174],[101.8689076955012,35.25897161465141],[101.86493211215613,35.25139503720192],[101.85774672481084,35.24551345517883],[101.85154675083923,35.237597663698516],[101.84265056870844,35.232095266940476],[101.83112872915606,35.23200901466942],[101.82236904601154,35.23667234486436],[101.80974876006978,35.24022473236588],[101.80098710992193,35.24488418617667],[101.79166290730039,35.24951701648804],[101.78477988936662,35.24341541610291],[101.77671159011689,35.23817756699052],[101.76745913457245,35.23380557135897],[101.75937695047588,35.228798362984364],[101.75170674827751,35.22196122564557],[101.7439554315874,35.216275998497565],[101.73344346272566,35.21784407572668],[101.72677336783032,35.22467800812364],[101.72506450903053,35.23290906196607],[101.7243462457469,35.24303377034859],[101.72092266977168,35.25164295976333],[101.71482588090305,35.25827497998361],[101.70947054862482,35.26632697965425],[101.71305324891475,35.275276555769324],[101.71963692870683,35.28159988308429],[101.73199376128017,35.285893397282535],[101.74045102775162,35.281686487808315],[101.7507440813294,35.283338908291135],[101.75792491184059,35.28922695141768],[101.76792787489072,35.295019525858436],[101.78060148131199,35.29886274028545],[101.79047234546441,35.30256841416208],[101.79635864330909,35.31093227072117],[101.79507112710796,35.32126061230308],[101.79440897558523,35.33069639033946],[101.79097283456126,35.33953674219347],[101.7943520688132,35.347548724626606],[101.7992000886252,35.35470800068667],[101.80761059115397,35.35926690734722],[101.81692801739933,35.36294432442634],[101.82596628090533,35.36660704655712],[101.83341736530122,35.3607282958596],[101.83924700491156,35.353846911441735],[101.84453325784065,35.36287120969284],[101.84141399759949,35.37126762739022],[101.84568997555893,35.378626528530496],[101.85280632490891,35.38566082033228],[101.85853675996748,35.39239556337898],[101.85624436040185,35.40106129219549],[101.85975439372083,35.411385408153784],[101.86139468156036,35.42023677885695],[101.85911755758501,35.42867056408728],[101.8573066945496,35.438514160662564],[101.85729276295824,35.44682501866133],[101.8544848584651,35.454771626197825],[101.84590260160394,35.460597923777925],[101.83625841890112,35.46545163630089],[101.82543351032996,35.46701606500417],[101.81404599489757,35.46855145873502],[101.80403020352107,35.47061277452169],[101.79309063273854,35.473783458396305],[101.78370687673875,35.478876458962404],[101.77595966029267,35.484737520414306],[101.76744976336802,35.489407881701304],[101.7551483591274,35.49181782954035],[101.74652709376646,35.48609349963299],[101.747180436539,35.47688844486708],[101.74525468160168,35.468253420099394],[101.73515247213788,35.467535374698784],[101.72417792768958,35.47115874200203],[101.7162956943427,35.47885912188606],[101.70937220982235,35.48891158968437],[101.70380224771728,35.49580022038186],[101.69581572180707,35.50095297051944],[101.68587605734372,35.505779839766745],[101.67386780531889,35.507963756312705],[101.66455597931422,35.504045641963884],[101.65420266094931,35.50284492466233],[101.64427847723054,35.50351298995906],[101.63294866891485,35.5041102407783],[101.62032945769566,35.5030271727433],[101.60893564314459,35.50061903216705],[101.5976430951012,35.49682802095978],[101.58638100658848,35.4965003382232],[101.57759375649644,35.50091268873509],[101.56785470433141,35.49904260413984],[101.55808228809481,35.49763302523109],[101.55008598221004,35.50277580112376],[101.54610314269928,35.51089011930626],[101.53685170977559,35.51389064395382],[101.52759865466525,35.51689262070228],[101.52470413354102,35.525521795920326],[101.51983961824206,35.534052272153396],[101.50967232836537,35.53792902291405],[101.4995633094555,35.53719062681128],[101.4941840517674,35.54500188327539],[101.48639168985235,35.55107528653198],[101.47864983773837,35.556457370427076],[101.4713832641276,35.56301612776889],[101.4662982330367,35.57061133967279],[101.47252014885862,35.578082517564916],[101.47348772339332,35.5878312615906],[101.47171008412224,35.59651583891279],[101.46204361535194,35.60110651081874],[101.45373185365874,35.60645931055188],[101.44918810578736,35.614310610338],[101.45164786659554,35.62297957213055],[101.4476143478677,35.63154901932383],[101.43956782784069,35.640838774336984],[101.4347733843835,35.648215446117604],[101.43052408554448,35.65584901227126],[101.42877454888067,35.66407363309622],[101.42232210174349,35.670903320776866],[101.41015937967846,35.674670878162964],[101.40295241348434,35.66899224693483],[101.3923540785777,35.67076077428005],[101.38629025657427,35.66121360205679],[101.389997798836,35.653322067134006],[101.38955056329632,35.64429376603453],[101.38593567953271,35.63602464690298],[101.37611681770649,35.63875486164544],[101.37078866346107,35.645639840917426],[101.36727297077825,35.65469551230691],[101.36636214107027,35.662962233043366],[101.3620702896148,35.6710544751591],[101.35374422049293,35.67639997907075],[101.34576981412472,35.684533417807835],[101.34179163580554,35.692178758806364],[101.33777746303441,35.70028514604177],[101.33656326734872,35.70876573624068],[101.33751615031872,35.71851497769182],[101.33616114169001,35.72883580239336],[101.33027655687273,35.73545878391546],[101.32703478563978,35.74452806712371],[101.33711526648432,35.74597190376329],[101.34710784807079,35.74487105380759],[101.35400151216118,35.75099678955842],[101.34778148223077,35.75829835104455],[101.3485253601042,35.767109787168046],[101.34898636568889,35.77590824737793],[101.34516273280893,35.785179275259736],[101.34313694660948,35.793157486681785],[101.33721306133704,35.80023955273617],[101.33253991187348,35.80946681204632],[101.32774283525671,35.81660903887791],[101.31950445605115,35.824263769044336],[101.31604576571341,35.832399302649506],[101.31512696773018,35.84066261007686],[101.31196764886877,35.848581499176085],[101.30813603601628,35.85785100300365],[101.3051157883085,35.86762274464827],[101.30250061122278,35.87580114307017],[101.30260376999466,35.88550415416052],[101.30590359635019,35.89421851539782],[101.30581338844227,35.90275671443229],[101.3059342877629,35.91223012504018],[101.30444867301894,35.92046486831816],[101.30126702191858,35.92861260995493],[101.29951591672243,35.93660254981239],[101.29825829688497,35.945542946353946],[101.29903298698608,35.95389500009726],[101.30226376521081,35.963529186733155],[101.3035518351622,35.97260224874857],[101.30231164466473,35.981310835802354],[101.29440760154303,35.98806075768312],[101.28446795631868,35.99539590671934],[101.27484509408883,36.00228438181438],[101.26548891270699,36.005723814108386],[101.25614936164087,36.008933044540186],[101.24685935513746,36.015144016394856],[101.23958422366454,36.020998640977496],[101.2316342343843,36.02820304701307],[101.2262658648961,36.035080150558656],[101.22308956605679,36.042995971420076],[101.22159266124265,36.051229210224975],[101.21616741992503,36.05879628353586],[101.21015792626653,36.06656165073851],[101.19964598194537,36.066472588646526],[101.18919474655914,36.06199686272477],[101.18235954426106,36.05494241258988],[101.17433856678237,36.04851581118492],[101.163956531372,36.04681314951553],[101.15348378168919,36.04625888394529],[101.14327574427635,36.04594870122881],[101.13842814531256,36.053311825701094],[101.12801874064795,36.055530636726985],[101.1214702075424,36.062801277757394],[101.1138434141276,36.06932282415264],[101.1046264765577,36.0743753926319],[101.09181134330596,36.07461420253433],[101.08116317283358,36.07265912097376],[101.06849641938176,36.07105572231982],[101.05692585942097,36.06997311088189],[101.04688735139328,36.07104905807073],[101.03932756805047,36.076645919055544],[101.03165461072054,36.08362308621873],[101.0223193006729,36.090047789648025],[101.01358574404262,36.09604029929069],[101.00736232488822,36.10263226253273],[101.00640789724802,36.11089445917523],[101.0088341440306,36.11956843201697],[101.01301642957365,36.12764755915831],[101.0122333824368,36.13730418525007],[101.00787834872499,36.14538168867744],[101.00524162230819,36.15332088492221],[101.00338035079334,36.16222543452906],[101.00378559487743,36.17125307299489],[101.00770556115266,36.17908691229188],[101.00563430669776,36.18705563539574],[100.9999145567691,36.19436706511687],[100.9964243257706,36.2022602449576],[100.99312395878322,36.211318451325205],[100.99912347173291,36.21810842946095],[101.00183569860876,36.22680042836511],[100.99321616382896,36.23118326051152],[100.98552398672966,36.238154781911014],[100.98710081874454,36.246785316424095],[100.99378556745432,36.25569007652938],[101.00009136441031,36.26226654433372],[101.00658845920042,36.27000771122437],[101.01289581367774,36.27658341270402],[101.01971667248993,36.28387876542192],[101.02778653213078,36.289854346283285],[101.03564778025076,36.29489596034249],[101.0448000353919,36.3016220018606],[101.05459623552728,36.307456992748946],[101.0674179838201,36.311146411182484],[101.07965556048566,36.31503233009799],[101.09045564703045,36.31907210400924],[101.10283186184124,36.32481088432336],[101.11473381180156,36.32936780085914],[101.12495092414892,36.33360237530248],[101.13471105201533,36.336428470367295],[101.14612122776565,36.34003334849029],[101.15656076545315,36.341508030830894],[101.16735789886349,36.3420752932504],[101.18117102666288,36.34418655059071],[101.18870948268832,36.34989279877648],[101.18853252411942,36.359349208838154],[101.18219396842011,36.367328418899376],[101.17188174451562,36.3714037575279],[101.16219204792355,36.3748189595576],[101.15040142781216,36.37950942168079],[101.14202112840476,36.384377295619075],[101.13548323751591,36.391189151986424],[101.13044800587221,36.4006200001419],[101.12588830031669,36.41123108498507],[101.12195122732143,36.4211806555164],[101.11438128365165,36.426552307960186],[101.10447133197988,36.42902725717254],[101.09410976997397,36.4335567334518],[101.08686458901519,36.44194664986445],[101.08449161700011,36.45013196153289],[101.08348554095562,36.45908191890941],[101.08073480287186,36.46840271989067],[101.07809454330861,36.47634271186703],[101.07638855219803,36.486873332563945],[101.07148806704058,36.4944619552554],[101.06080678771417,36.4957389732331],[101.05065746994032,36.497505459728416],[101.03988202813944,36.49992964059165],[101.0295443322895,36.50399464047136],[101.0196068010175,36.51015705180741],[101.01185165163663,36.51759066290728],[101.01055217117502,36.5265239432049],[101.01295416620991,36.53565987667544],[101.00779682133913,36.542771109636014],[101.00347505977297,36.550157130509895],[100.99930566187004,36.55916889951648],[100.99720472389835,36.56736816970877],[100.99647194658888,36.57633308503942],[100.99671003016857,36.58742829069873],[100.9979721107682,36.59650046445284],[100.99752422306608,36.605481300661594],[100.9950615946365,36.614584114108006],[100.99191520609104,36.6250354620346],[100.9864468088129,36.63236128569497],[100.97806795749507,36.64022139106979],[100.96830001073768,36.6475443181873],[100.96143847185311,36.65432996732445],[100.95647875439191,36.66237448781248],[100.95233575916347,36.67092344036194],[100.95245210191075,36.679936070930296],[100.95397734638681,36.689253971451464],[100.95209647690466,36.69815627245308],[100.9461047882767,36.70475765819639],[100.93796161717184,36.70962675379763],[100.9297792866744,36.71495619219076],[100.92378437510851,36.72155642829107],[100.91993870901943,36.72989093628906],[100.91740606557316,36.73968215570578],[100.91750003312156,36.748921801721934],[100.92174506602409,36.760004654058704],[100.92126774011723,36.76921642868972],[100.91776293868172,36.77687449203374],[100.91393319671417,36.78497941308438],[100.90918773005829,36.79372583495972],[100.91101444235099,36.802830917263705],[100.91947372522787,36.808139085040196],[100.92976277799141,36.81216297114446],[100.93728986153887,36.81834320684702],[100.94853377812873,36.821260399272845],[100.95903488283007,36.82275236150974],[100.96476756392775,36.81590281469219],[100.97461707704548,36.81135530266415],[100.98497961883047,36.80752693323285],[100.99591300250914,36.803727372910245],[101.00524336782851,36.79845730199813],[101.013696526599,36.7933702980449],[101.02163299100187,36.78756053779023],[101.03185465143781,36.781872928841686],[101.04437096528005,36.78323474358722],[101.05689302143244,36.78805801817727],[101.06701902376618,36.7941364256029],[101.07457425462712,36.80007864494948],[101.08064578492565,36.80663409188748],[101.0884774978131,36.816285575736885],[101.09696862572542,36.82135171174762],[101.1072238239173,36.82235388761301],[101.11510794080546,36.82784825630191],[101.12028997581115,36.83481776172273],[101.12515019435169,36.84223009030798],[101.13285323724838,36.850023600836295],[101.14532640781331,36.852062775484725],[101.15511655736381,36.85534556260972],[101.16447481658574,36.86045138659715],[101.17265231802521,36.865957425524485],[101.18402236735618,36.867473922919324],[101.19197213172106,36.86142352672014],[101.19697489865764,36.85268139786168],[101.20379631762785,36.84634110345048],[101.21334954562909,36.84175836477745],[101.22571956270583,36.84147547028294],[101.23389455661481,36.83612802650997],[101.24312244410467,36.831988480765816],[101.25313380166719,36.828811739137144],[101.26298571466934,36.824008714252145],[101.27169220900724,36.81914809024029],[101.2842366045587,36.820252974108506],[101.29517093248946,36.82727753424584],[101.30272884376967,36.83343456534366],[101.31023456362462,36.840281545328345],[101.31357557360644,36.84899308473035],[101.31060682879044,36.85761279806661],[101.30061162225815,36.8605649607125],[101.29404656450272,36.86738477416916],[101.30266388831046,36.87474977017231],[101.31276816813032,36.87411103640426],[101.32383763588875,36.875830553568456],[101.33174202911573,36.88131044723276],[101.33746677366807,36.88898895221437],[101.33823713789997,36.89756780920332],[101.33272871036125,36.905597327008174],[101.32539389014087,36.911226433560216],[101.31635743082757,36.920231057878844],[101.31156036346319,36.93014248785327],[101.30857004170848,36.93899140466332],[101.30527415483434,36.94805660241524],[101.2990249458808,36.95443312495803],[101.29048280712405,36.9606894054009],[101.29717694484131,36.96703254629833],[101.30679056964178,36.972832706570095],[101.31746148294063,36.979839780675285],[101.32618269247759,36.98605376057889],[101.33350858215827,36.99542908338477],[101.33660865496299,37.00366588575876],[101.33555331090949,37.013536765426366],[101.32559184571879,37.01949481640031],[101.31614972341598,37.02247634478859],[101.3072793709259,37.02917962999125],[101.30261777168542,37.03725326060663],[101.29580535353459,37.04336740745375],[101.28632082739988,37.05050184924574],[101.2754574502327,37.0531766180829],[101.26937501933509,37.06094526808897],[101.26585540713596,37.06907422217666],[101.25891008164825,37.076796336402445],[101.25011937583862,37.082346237914415],[101.2419547167164,37.08723583231638],[101.23532922338659,37.09451325521518],[101.23237770274707,37.102671951617474],[101.22465701225549,37.10919679132121],[101.21268980481429,37.11111826795539],[101.20321317743978,37.11432240786832],[101.19625742691815,37.12204084145325],[101.18964318875972,37.12908635668776],[101.18463944434647,37.13759850356794],[101.17969007280934,37.14542012671989],[101.17561911754545,37.15305880432825],[101.17072270205736,37.16018970360271],[101.16460312844883,37.16818232214606],[101.15880649429525,37.17572924637594],[101.15490881293564,37.18475893669233],[101.1542538498436,37.196498513398346],[101.14657165565944,37.20233240411941],[101.13723886806034,37.20715236368158],[101.12783054312979,37.21289348897638],[101.11628929237924,37.216444291817034],[101.105896085852,37.220054553089305],[101.09521494518552,37.22365046216221],[101.0851631195913,37.2265821005298],[101.07336089551806,37.22619165290044],[101.06362092620363,37.2217510956326],[101.05191365106505,37.22020959457356],[101.04178590706738,37.22405948812888],[101.03353688174506,37.22962280297585],[101.0269354453211,37.23619827983882],[101.02113850707121,37.24350913393002],[101.01445927438733,37.25100349845634],[101.01000332596476,37.25953787182031],[101.00564097684621,37.26692544014138],[100.99738469026764,37.2724862495532],[100.98905110164242,37.27896829387575],[100.98288373654383,37.28718084152637],[100.97905485049169,37.29505586390177],[100.97269504029418,37.3055656504896],[100.9709932131874,37.31563473659021],[100.96303622515563,37.320979903659655],[100.95260287823176,37.32480616416658],[100.94040250959688,37.3255353409757],[100.93023543501238,37.32614241719153],[100.91887938426895,37.327144907171665],[100.90575659013679,37.33197715939399],[100.89696834606559,37.33681071093516],[100.88704447643079,37.34481643935078],[100.87922877523742,37.355244564383455],[100.87359982853937,37.363711021416336],[100.8740353401794,37.372278487863355],[100.87735050718769,37.38100185023102],[100.88377551486205,37.390584985175515],[100.88615105505055,37.40018108843769],[100.87992428179382,37.40884693632263],[100.88180075539097,37.41749336126123],[100.88942134523136,37.42668038821903],[100.89704452954516,37.4324019876059],[100.90920427376446,37.43236740435966],[100.91973074393331,37.43455293723559],[100.92664631952391,37.44185231282065],[100.93298747302617,37.44911908109144],[100.93905938662179,37.456142248402536],[100.94390413375568,37.464020330815664],[100.94669212181685,37.472250875749936],[100.95023176939308,37.48190786095126],[100.95442512339953,37.49067506990777],[100.95779299744112,37.49893532868029],[100.96296822278417,37.506370017255385],[100.9706448300235,37.51509318819493],[100.97755394843223,37.522618997034435],[100.9840990266661,37.531047914768166],[100.98956757460779,37.53849747503447],[100.99503744464702,37.54594454318496],[101.00033685859316,37.55546205981584],[101.00413729570694,37.565592070816706],[101.00487762949896,37.57417281387418],[101.00530985183583,37.58296914880136],[101.00738010382769,37.59300560807141],[101.00783129662612,37.60157258800147],[101.0085723904367,37.61015332699523],[101.0141668569575,37.6196862211024],[101.0239840517615,37.61674232450965],[101.03387659308544,37.61288033365016],[101.04446426973595,37.61112909288411],[101.05809705384372,37.61115646244584],[101.06620982536747,37.60419507770159],[101.07391944667229,37.598597907369786],[101.08418482144361,37.60075321973683],[101.09624086640851,37.602307345426816],[101.1067688979502,37.60124312241205],[101.11561878846102,37.606552753487726],[101.12609248739938,37.60617496688294],[101.1344313464398,37.59991267137633],[101.14184645676322,37.59429774667887],[101.15211387565448,37.59644729545935],[101.16374013570538,37.596126295419495],[101.1748337785207,37.59162016657019],[101.18585207512032,37.5880349529235],[101.19682565377882,37.588599385572195],[101.201164295158,37.59597961006198],[101.19429343144796,37.60209013088579],[101.19075290881395,37.61367945783456],[101.18292070367482,37.62089412012827],[101.17313857462658,37.627084273366954],[101.1651255922376,37.632901583556226],[101.15636665393104,37.64075814840851],[101.14943271834265,37.647556464205785],[101.14325277445032,37.655777344818574],[101.13894597650187,37.665942173300586],[101.13473166961938,37.67495561484555],[101.1299004148672,37.684400805523694],[101.12579581699781,37.692035579333805],[101.12167188374274,37.69990184504736],[101.11716415676366,37.708901265694244],[101.11189961558647,37.71647507359661],[101.10505696686182,37.725584582487336],[101.09929413109363,37.73567170866454],[101.09478161953811,37.74467032894387],[101.09146334739398,37.753270845628684],[101.08820038705093,37.761180966778696],[101.08775630352659,37.77016148797335],[101.09346691801488,37.77853962078792],[101.09747872660792,37.78636662383116],[101.09448617585316,37.79452205871063],[101.09682523201488,37.80503381393196],[101.10421315299106,37.81072669425759],[101.1109657845693,37.81708249284223],[101.11621599162937,37.82404986060953],[101.11340074939267,37.83359982926846],[101.11301511790782,37.84189018979591],[101.1149291478552,37.85053098064871],[101.11747981723887,37.85851283562815],[101.12076870443184,37.86814936087032],[101.12361046568276,37.876146788565144],[101.12730312393879,37.884418192464416],[101.13223135990454,37.89183018121132],[101.137086591048,37.90016171541839],[101.14697372752632,37.90390608654358],[101.1522288719122,37.896559901169056],[101.15674359869234,37.88755894493704],[101.16226768312345,37.8804572728076],[101.16809972926802,37.873139339704586],[101.17563234266667,37.86637087132366],[101.18327461048294,37.85822348637926],[101.19051458348024,37.851438570950066],[101.19965251069348,37.84636723147073],[101.20949184330463,37.84340811635458],[101.21882496386229,37.83949987174369],[101.22904458173642,37.83540552694579],[101.23889998056163,37.83221466247008],[101.24972976475553,37.831382685919195],[101.26137376429283,37.83128162693455],[101.27196593772862,37.83343402929091],[101.2805466623641,37.838947958758],[101.29011034468962,37.83573985765645],[101.29726593780995,37.829868327038746],[101.30443815404153,37.82376696998071],[101.3147418770093,37.81851622239754],[101.32374018146781,37.81135130653371],[101.33206808583284,37.80530687915729],[101.34187859202206,37.802566339321444],[101.3532629314301,37.79829040650128],[101.36127917431376,37.79245821640589],[101.36987266430609,37.78665561606517],[101.37909811902628,37.780192119207584],[101.38624158457921,37.774315354103926],[101.39684333891195,37.77253528686172],[101.40768120943666,37.771457501376375],[101.41545376417334,37.76491851578931],[101.42258828489713,37.755347557840196],[101.43213565862563,37.752125973498885],[101.44284007202127,37.74896325559495],[101.4513519117954,37.7440724843049],[101.45922371747275,37.736152026703095],[101.46590165404034,37.72863277853911],[101.47335801546056,37.72230691373098],[101.4811027095031,37.715993159375586],[101.48877588751816,37.71059878872383],[101.49813033540067,37.7059807390743],[101.50956159878542,37.70076795301244],[101.51869486736493,37.69521371489698],[101.52554731563725,37.689084584899476],[101.53139932498253,37.68082939586241],[101.53721514420977,37.673035006179994],[101.54353808455427,37.66618727701994],[101.55096490473659,37.66008608381749],[101.56157018244211,37.654138455345205],[101.56935220870281,37.64712854474961],[101.57539836996304,37.64003740581776],[101.58316083970647,37.63325604434835],[101.59325116860647,37.62635886704612],[101.60383094251335,37.620636927467885],[101.61468159655941,37.61515575156628],[101.62588791223847,37.60877036325726],[101.6356304909188,37.60254566771481],[101.6463222367755,37.599133208823005],[101.65670669311145,37.599858524736234],[101.66756667750305,37.60199046759678],[101.67756017656842,37.60408065807965],[101.68760520369365,37.605481736207764],[101.69686724170643,37.60176601615936],[101.70515894365269,37.59546650775166],[101.71419739545571,37.59081518543764],[101.72486755643496,37.5876251915613],[101.73818663639332,37.58386690709111],[101.748343810387,37.57972867163489],[101.75751194797049,37.573236349055605],[101.76224114293463,37.563995647764074],[101.76090524329311,37.55447384292024],[101.75687107291617,37.546208155848205],[101.75370345048948,37.537982517831715],[101.75693721339628,37.52936633616833],[101.76348455587225,37.52298020566484],[101.77419257911193,37.51909749079179],[101.78416190296446,37.52140826730803],[101.79428705127522,37.5255723155381],[101.80378980825404,37.52232132853579],[101.81257468257654,37.51696025673634],[101.82181845909335,37.521311649791784],[101.83008191523346,37.527233352214],[101.83672223194729,37.535615471608],[101.84042668011496,37.544555158476555],[101.83954392569076,37.55282172263735],[101.83691245280367,37.56123633339172],[101.83176349644381,37.56838247149468],[101.82568068099361,37.57640875487514],[101.82182467931423,37.58569165031564],[101.82122929228218,37.593969896732794],[101.82325041674756,37.602140067766534],[101.82637828132805,37.61105447956827],[101.83037446153755,37.620006247706115],[101.83817874438114,37.628441933193905],[101.84348149003893,37.63537946008122],[101.84664612989528,37.64383220838922],[101.85066246294522,37.65255384574158],[101.85535757056417,37.659921977326725],[101.86178779460083,37.667370989212834],[101.8682528924896,37.67435854093047],[101.87415706815932,37.68109082195508],[101.88120239549598,37.68810537295238],[101.89056443063646,37.69522342365378],[101.89986688432958,37.69910992590446],[101.9085590794666,37.70342707410598],[101.91725297274112,37.70774364639874],[101.92195702397821,37.715111415224676],[101.92516631469272,37.723100966491295],[101.92892267229651,37.73157910491359],[101.93689554178425,37.73793874649129],[101.94491871670513,37.74360722079112],[101.95105926604158,37.75126956282327],[101.95787747139774,37.75757533808455],[101.96796345490475,37.76287444945996],[101.97851770565043,37.761502144161675],[101.98541954513068,37.75419722063104],[101.98862057019305,37.74580417223099],[101.9899072337443,37.735709653847515],[101.98656156244353,37.725408944137065],[101.980805285347,37.7163829401779],[101.98344205607222,37.70773334483967],[101.99043558449542,37.699046857859926],[101.9996939473355,37.6953100238811],[102.0054785543223,37.687261317959745],[102.00726037126296,37.67834339814871],[102.00855899214224,37.66801924915181],[102.00842721170085,37.657400164993184],[102.00741214014778,37.64697220518476],[102.0065900434079,37.637936872433144],[102.0064111857668,37.62800627523292],[102.00907379643417,37.61889722621236],[102.01335909424913,37.611475709570385],[102.02210773832854,37.60655824247994],[102.031658008597,37.602600735237104],[102.0429897119413,37.59802808564312],[102.05424042526428,37.59460626526385],[102.06401354281077,37.591577564849686],[102.0744115151204,37.587884154536134],[102.08429326578165,37.583245168089725],[102.09444745518195,37.57884821856281],[102.10361662773134,37.571868244141484],[102.10620392941004,37.56367508910187],[102.10327121139774,37.55570379421485],[102.09826993834838,37.5483298450586],[102.09131164791928,37.53994892137503],[102.08454874641694,37.532960090086014],[102.07772484020414,37.52689111545767],[102.06984070267936,37.519391214831806],[102.06423652686874,37.51245257373041],[102.05863337181634,37.50551367840435],[102.05221298359331,37.497845776953596],[102.04545740187119,37.49085475434636],[102.03883053617817,37.482023051339354],[102.04116478851137,37.47335889363587],[102.05026340327862,37.46730548788362],[102.05990560729289,37.46173491055467],[102.06996598333967,37.45848969908989],[102.08148355942012,37.45507649045931],[102.09378632009984,37.45284957776694],[102.10387524813672,37.44914254295089],[102.1125680728408,37.44467975199791],[102.12299080296032,37.44029145916229],[102.1335907715263,37.43752638637319],[102.14243635015846,37.43076204210621],[102.15214516283172,37.42403211069998],[102.16112064188242,37.4195789949827],[102.1706869686098,37.41491975429002],[102.18235788058162,37.41335045137613],[102.19221766139661,37.41723826323436],[102.20168300372502,37.42272322375751],[102.2121395880337,37.42202119692574],[102.22165777220543,37.418046418305956],[102.22827841132282,37.409796733537945],[102.23230260056573,37.40143415814703],[102.23961730182717,37.39574961114872],[102.24890307830792,37.39084165397391],[102.25971920240207,37.3889986741357],[102.26815361563773,37.38382091168917],[102.27655656284226,37.379103827902725],[102.28847631802381,37.373613517598436],[102.2997130541993,37.36970745854182],[102.30732315604057,37.36380213169253],[102.31520493363769,37.3581386224856],[102.32537893425133,37.357182164163],[102.33565714437795,37.35461823356112],[102.3390911664583,37.34622659851961],[102.34592137577394,37.33890349587634],[102.35432924006071,37.33394916180225],[102.36053590860128,37.3272905859537],[102.3642981593075,37.31822008785382],[102.36486225312544,37.30947803890496],[102.36885178789193,37.30134041893325],[102.3800359559354,37.30250020345603],[102.39247584823373,37.30209827531982],[102.4055500139268,37.30079533546237],[102.41567661696189,37.295912165343644],[102.42305623892716,37.28883479633198],[102.42981406517539,37.28242721899651],[102.43874247104822,37.27818287380851],[102.44851805448923,37.27420254667847],[102.45645312422596,37.26737983869729],[102.46018689902034,37.25853586714063],[102.46242255286172,37.25055441221378],[102.46915888590594,37.24437412100661],[102.47859772208302,37.241069768585106],[102.4839376676469,37.23413801710486],[102.49436796708964,37.228797049354334],[102.5049397727129,37.2257696268008],[102.51582721636775,37.22229226064219],[102.52639747746969,37.21926069075583],[102.53454983071792,37.21336321506769],[102.54101859797659,37.206707541264606],[102.54803249945317,37.20053280426201],[102.5566572111446,37.19626740179327],[102.56686029409491,37.1897578659446],[102.57021836727544,37.18205269557356],[102.56756813617193,37.17364142494621],[102.56819295434428,37.163518834783055],[102.57915804549292,37.16326831562008],[102.58925555331791,37.15836817870986],[102.59680854740022,37.15267400073117],[102.59935619857949,37.14401114868519],[102.59407535332305,37.136188982963986],[102.58763239184277,37.128549799495175],[102.58114810534217,37.12159890241685],[102.57284215546177,37.11619040427652],[102.5624984589326,37.111161751311975],[102.55164147506078,37.109799474858406],[102.54516184062459,37.102848860816444],[102.54482810627722,37.09430092772129],[102.53951378172614,37.08716722246893],[102.53036769741894,37.081489431996445],[102.51940004234686,37.08196728526492],[102.50900600914696,37.082466524578464],[102.49847003896481,37.08065041741986],[102.49268706634312,37.07188082124806],[102.4955168841383,37.06346207157488],[102.49864798028817,37.05482384578393],[102.504073135041,37.0462820324638],[102.50695814825322,37.036942562812165],[102.50776224007956,37.02867111968514],[102.50800700366662,37.02014546064311],[102.50387704423301,37.01259585547824],[102.49626308642478,37.00559538671725],[102.48859292913491,36.9995148486167],[102.47751131016142,36.99283257018696],[102.46699059740642,36.986401417894214],[102.4593239848496,36.98031894078662],[102.45349527865984,36.97246551149955],[102.45883357249959,36.96530520305776],[102.46791091336567,36.958067776504414],[102.47953580518309,36.95600819912455],[102.4899697233124,36.95459105085112],[102.50038930347652,36.95340255798897],[102.50659518681108,36.94604531619652],[102.51573739230099,36.942268746970456],[102.52591151845375,36.94037482253553],[102.53235801880759,36.9337194370002],[102.5374137420172,36.92631147452545],[102.54653757424246,36.92276205892629],[102.55728141756231,36.920889950175095],[102.5670900983845,36.915520231027934],[102.5684594111245,36.907272649903796],[102.5669641740742,36.89890761473085],[102.57310348411754,36.89246736100236],[102.58116114890376,36.887486985043246],[102.58539220506812,36.87935401915031],[102.59318934486836,36.873901547563996],[102.60181735538437,36.86894182207456],[102.611630585173,36.86333884669709],[102.62101624595664,36.86002537032438],[102.6323771724651,36.85725005844879],[102.64134202035815,36.85137895266346],[102.65003340997742,36.84526561281975],[102.6575780275736,36.839108202744164],[102.66453555297369,36.83315597273836],[102.67300599226375,36.82588113975289],[102.6805193903739,36.82018139696543],[102.68724233127685,36.81329535631323],[102.69258872232282,36.805433432309684],[102.6979064505416,36.79803265012599],[102.70433962922095,36.791135977011535],[102.71075835370057,36.78446854100801],[102.71746199991952,36.777812585643105],[102.72220342840058,36.77038700312314],[102.71836529324274,36.76262454710966],[102.71102853256066,36.75587894272723],[102.70248104339262,36.75023779227981],[102.69416577689199,36.74552846315712],[102.68511731046554,36.73871211077091],[102.67688714324181,36.73261960955675],[102.66978749774734,36.72680390921469],[102.66096045520597,36.72114778317668],[102.65090813059803,36.71682717927685],[102.63986789348213,36.71938676559828],[102.628771424175,36.72286360593864],[102.6189010672809,36.72500580571906],[102.61152071562007,36.71917453545849],[102.61485398739634,36.71146537936556],[102.6199147528614,36.70359673370006],[102.62241786205202,36.69539202195238],[102.62122009600542,36.68680982592728],[102.62060832231184,36.678019942379386],[102.62255263066184,36.669563693131266],[102.62592481452681,36.66116320125291],[102.63069559781187,36.65328195584094],[102.63880839970128,36.646917797878494],[102.6468502771036,36.64170318458164],[102.6562351689417,36.63792538369961],[102.66511746573197,36.63297278860333],[102.67179779512938,36.62654876339781],[102.6784770034165,36.62012435197692],[102.68811578222908,36.61681510148939],[102.69875782358007,36.61585289842025],[102.71003945654736,36.6137588086311],[102.7204499177741,36.611862208636595],[102.72405302427916,36.60416164183865],[102.72200322965125,36.595315254360315],[102.7227935564226,36.58681217112395],[102.72586570644451,36.57839910808474],[102.72899157832408,36.56906533912524],[102.72976697367102,36.5607917281073],[102.73253894444227,36.552596234187774],[102.73727824637824,36.54494007239511],[102.74365958927841,36.538502317779255],[102.75139794204614,36.53326870887145],[102.75861954183597,36.52709276121516],[102.7664367071586,36.520476084907784],[102.77498634273121,36.51596484098867],[102.78190546710876,36.51000757340136],[102.78855240148319,36.503806395208045],[102.79266926945391,36.511576410491756],[102.79676078800358,36.51980775623209],[102.79540888467142,36.52829041760482],[102.79010589770589,36.535927854792185],[102.78291295499082,36.54164426353796],[102.78242864664563,36.549929945944186],[102.78050489229003,36.55838904077405],[102.77714030063946,36.567023691457145],[102.76936036048698,36.57294774276367],[102.76462182964592,36.580605094616075],[102.76784473578822,36.58903397486188],[102.76964042819326,36.597408647073465],[102.76464262494898,36.60459509917766],[102.75549861260647,36.60931161271148],[102.74609416879112,36.61355867970745],[102.73531706797473,36.61682774931598],[102.72247281984102,36.62116776684181],[102.71123182493636,36.62257205521802],[102.70079170455072,36.62492696249413],[102.69299916141667,36.63084812599996],[102.68599381579293,36.63795243352302],[102.67633823561773,36.64149105249686],[102.66799944712449,36.64692530747431],[102.65967270462929,36.65213161788546],[102.65108776060437,36.65686397668263],[102.64860331109179,36.66483756480422],[102.65658006723979,36.67023141396391],[102.66581064391424,36.6738269399002],[102.67690875734047,36.674959094504345],[102.68744855671109,36.67583674407715],[102.69812628946202,36.67441320315932],[102.70831501640963,36.67158528609326],[102.71836592752352,36.67105677333875],[102.7289202792603,36.67170121932506],[102.73601911076625,36.67751569858466],[102.73695703824035,36.68585535732028],[102.735296703474,36.69455480477959],[102.7367923691866,36.70314758403762],[102.73858823722921,36.71152030876679],[102.74690305097302,36.71622884253607],[102.75438642845677,36.710753877341055],[102.76193735055567,36.70412831970266],[102.77196295033531,36.69921243091369],[102.78295511537735,36.69733154770069],[102.78935920467556,36.69065974488133],[102.78987042613365,36.68191512513044],[102.79092676186168,36.67365303785334],[102.79705557809595,36.666739513112866],[102.80315641872343,36.66028709222637],[102.8070529755421,36.65236390498101],[102.81289290371745,36.645440153348304],[102.81905792951935,36.63783442965502],[102.82760439406776,36.63355138028593],[102.83616299537363,36.629035846213],[102.84343913447547,36.621934194409114],[102.8427896555301,36.613374975290554],[102.83928570990341,36.60470705981935],[102.84261766529316,36.596532138503115],[102.85407207791519,36.59627717273316],[102.86418564775427,36.599430391034154],[102.8709898324718,36.60545502298528],[102.87888367516304,36.61244343643023],[102.88565034027802,36.61915824730919],[102.89065326187911,36.62672709559959],[102.88790907651432,36.63469430048188],[102.87825023971952,36.63848122187677],[102.86651233530199,36.643569117434204],[102.8565000190341,36.64849304974383],[102.84928844022629,36.65444519908917],[102.84172395205802,36.66153786503264],[102.8364294824824,36.668945269363896],[102.83475404783276,36.67810757642087],[102.83397515943801,36.686611218279495],[102.83259789752317,36.69555315889065],[102.82927421774906,36.703498045726626],[102.82193497089523,36.71151927720411],[102.8157911599041,36.718663596800745],[102.80957967527407,36.72695780302668],[102.8099542170363,36.7352758073144],[102.81407246190493,36.7432765233468],[102.81160212941667,36.75125336488871],[102.8054274703081,36.75885626549071],[102.80292881915754,36.76729432921868],[102.80473338737562,36.775665945497124],[102.80945157248377,36.78322854922093],[102.81707268860336,36.79020923728761],[102.82416252172038,36.79647748204679],[102.83151308220499,36.80321604308772],[102.83821262259316,36.8113130800265],[102.83263473239322,36.81848122808002],[102.82345557994199,36.82343459762496],[102.8145477959514,36.828628420578326],[102.80838091537997,36.83600180401894],[102.81697238538456,36.84117607422585],[102.82775650776236,36.84320303447022],[102.8389476581431,36.843169790474306],[102.84963223772766,36.841962231050815],[102.86045749309459,36.84329522734486],[102.86844126881545,36.84913382463154],[102.87465519702756,36.85582599340659],[102.88568931292478,36.85855016170885],[102.89552665705719,36.862150582366276],[102.90054637616292,36.86971865360416],[102.90383471715013,36.87745225636197],[102.9087640620473,36.886631598742945],[102.91769429948262,36.89111666445217],[102.92696413496058,36.89469399845033],[102.93378606844072,36.90094426123033],[102.92465587709322,36.90498473703947],[102.91440515661382,36.908522154215326],[102.90716090699242,36.91470715334007],[102.90812033188958,36.92304508681582],[102.91404417880173,36.92995560605109],[102.92409957724082,36.934944763730925],[102.93465239844255,36.93626189367134],[102.94481458245178,36.93433215925044],[102.95518540207912,36.933797188328114],[102.96639031925797,36.93882329400815],[102.97401520795864,36.94625518997574],[102.98438692947029,36.945715388952294],[102.99482244316161,36.94402440974684],[103.00599000494033,36.944666521431934],[103.01610471264632,36.948724987522176],[103.02508629140769,36.952513114578906],[103.03445256833557,36.94939671300182],[103.04476038928043,36.950001922110665],[103.05612626877935,36.95225982418073],[103.06754411606236,36.95359598726106],[103.07927373001996,36.95448052004042],[103.08924601752582,36.95599388645765],[103.10066429245425,36.95732683549375],[103.11239555522555,36.958208143138556],[103.12301700455166,36.9583559817216],[103.13509728657554,36.958095569768005],[103.14781286016145,36.95670292816148],[103.16060279600399,36.95392900058792],[103.1725435301928,36.95089183141163],[103.18273876310981,36.94825295088062],[103.19186047647808,36.944192715835385],[103.20096867397837,36.94036138902919],[103.21035064501343,36.93677190269955],[103.22155466617194,36.93670036770048],[103.22456775572999,36.944875888445345],[103.22351886299519,36.953832547492496],[103.22193222103971,36.96207903694254],[103.21913718096063,36.97143562840836],[103.21444350978173,36.97864881271257],[103.20971239419862,36.98655519364212],[103.2043946291954,36.994669695217425],[103.20279252952511,37.00314549515266],[103.20378521718396,37.01148091036114],[103.21304673829728,37.01572477698659],[103.22321785784123,37.019076719903566],[103.23067418839105,37.024869609054065],[103.24094512360226,37.026378576163275],[103.25266758974823,37.02217471636283],[103.25709761112336,37.01448801725357],[103.25203323496808,37.006935193152245],[103.24493752163895,36.999771977336486],[103.23958841883336,36.99220804136949],[103.23894015096828,36.98273087590564],[103.24393051617278,36.975295403974656],[103.25112917067635,36.969549256403006],[103.25976092491838,36.96385309456535],[103.26842793553323,36.95746518120156],[103.2765913383264,36.94967557172861],[103.27878172431568,36.940758188445635],[103.28153195786167,36.932091289072275],[103.28733870542662,36.92537427205287],[103.29563988660176,36.9203561390327],[103.30570781049153,36.91447467966657],[103.31665775964196,36.913694883342906],[103.32660445130468,36.910114769397936],[103.33522322018082,36.904413057571055],[103.34408090045257,36.89963964083036],[103.35301949325454,36.89325581133848],[103.36113250918889,36.88615152885742],[103.36729788477169,36.87782887336143],[103.37198253836327,36.87037766400541],[103.37327606059544,36.86188914977647],[103.36936816405536,36.854150311909734],[103.36834750777712,36.84604573454158],[103.37414015776972,36.83932439213222],[103.38216419494042,36.833828400709315],[103.39155934673592,36.82953337744383],[103.40171969007488,36.827105369243874],[103.41204822865473,36.82698983084546],[103.42164294881209,36.830074992569855],[103.43001224192831,36.834735460596285],[103.43747686066804,36.840283596725136],[103.44634028824215,36.84657290422908],[103.45410542519757,36.85190043321026],[103.46155027328511,36.857910841798194],[103.46900820609636,36.86368890106018],[103.47607830303754,36.87153011770115],[103.4860014931533,36.87392884823705],[103.49631428771684,36.87426533109764],[103.50694802440789,36.873919658463116],[103.51759256104815,36.873343356747064],[103.52857930825479,36.87162542861487],[103.5386503813291,36.871027478071994],[103.54897451336676,36.8711297504911],[103.55996111850318,36.86940671438678],[103.57074959423808,36.86583332558479],[103.57929011868272,36.861264501405806],[103.59090247952521,36.85840754050836],[103.59658479261397,36.86550389662138],[103.59474288832266,36.873975362900104],[103.58670780822099,36.879944978855235],[103.57839634659733,36.885674631083084],[103.56871805466898,36.889976830577915],[103.5590833503222,36.89335735026511],[103.54807168264428,36.89553965433237],[103.53791863830823,36.89774825071243],[103.52748928235079,36.899716412067214],[103.51681848714037,36.900755155614384],[103.50460170328694,36.9040465730322],[103.49599487483897,36.90976050696372],[103.48964578938056,36.91624036240601],[103.48666663478524,36.924213104680035],[103.48539578494088,36.932470843300294],[103.48125739640787,36.94063539111293],[103.47092400439388,36.94052723696418],[103.4595136559595,36.93900015736147],[103.44915742081871,36.939351665129514],[103.4425033381919,36.946048528075835],[103.43696038578037,36.95347437214628],[103.42680835736809,36.955443837020944],[103.4159232942369,36.9548513924509],[103.40622717444535,36.95914032772875],[103.39556990153905,36.95970665709488],[103.38958846212692,36.9530498352346],[103.39316359981606,36.94487032143285],[103.39982187935881,36.93817621500503],[103.4011254212109,36.92945785425104],[103.39100442276764,36.92520020348609],[103.38232949791487,36.92075873108312],[103.37366760734909,36.91608699036874],[103.36264282975483,36.91271920851282],[103.35221904871608,36.91444238097022],[103.3435531561645,36.92106612443035],[103.34027195608404,36.92902485532238],[103.34094459898083,36.93826966255401],[103.34253656365742,36.94639274848447],[103.33841795489509,36.95386340710669],[103.32832228893328,36.954674024965364],[103.31939679910006,36.94952871916653],[103.30776082540136,36.94682401822129],[103.30109427931883,36.9535152517416],[103.29951616726325,36.961760528273956],[103.30311150572653,36.969954870916496],[103.30787989103091,36.97772704417619],[103.31676026338357,36.9837939792343],[103.32889282656376,36.988125951962175],[103.3401543794417,36.99265758125935],[103.35120107679089,36.99579775072065],[103.36230784518305,36.99778647505988],[103.37339110307907,37.0002334083865],[103.38202764728008,37.005596300046946],[103.3903784125703,37.01094834326976],[103.401892043174,37.01064043288435],[103.41228128502813,37.00983375675518],[103.42242583522939,37.013859886363434],[103.43167580434164,37.01854825589235],[103.4394616150005,37.01234946557071],[103.44582360781024,37.00587240445524],[103.45443316535238,37.00039180466765],[103.46356950215424,36.99585150283826],[103.47464441562686,36.99275623183649],[103.48543080220819,36.98964990982375],[103.49609156835727,36.98907554189617],[103.50626973668517,36.98663866397738],[103.51400084130191,36.981358091760086],[103.52392388930194,36.97822079676176],[103.53111131115617,36.98398496400705],[103.53070508676775,36.992272754696636],[103.5304617531829,37.00309885695705],[103.5335096816071,37.01126641958762],[103.54220360052337,37.01569681769198],[103.55378513600029,37.01399408809307],[103.56482512379365,37.011581650315854],[103.57311743877959,37.00654424494298],[103.57726120607404,36.998144687101764],[103.58136945383983,36.990438408908645],[103.59207462736204,36.98893460147164],[103.58880563479308,36.99712976031284],[103.58840504730584,37.00541545364479],[103.58826912496157,37.01417244658673],[103.58667678447512,37.02334459988658],[103.585116376839,37.031825443750954],[103.58529033973575,37.040128373374365],[103.58891991394007,37.048313983938584],[103.59550064000145,37.05497790226283],[103.602876655833,37.0630484685877],[103.60943734905273,37.070173156233984],[103.61711489125271,37.07802287494888],[103.62429661747272,37.08424292327005],[103.63170104683117,37.09185239415704],[103.63645487727459,37.10076179305548],[103.63457841345186,37.109924844230704],[103.63242536073355,37.11884858047005],[103.63059191216314,37.12709066253201],[103.63716084846733,37.13421154028525],[103.64466985777744,37.139748722829076],[103.64627628525346,37.148329110710364],[103.64787252849912,37.157139148832854],[103.65064116526337,37.16552594363047],[103.65489227725175,37.173035165251626],[103.66030591706365,37.18035059345704],[103.66623021089156,37.18906282915085],[103.67254119733393,37.19571508443264],[103.67855541942474,37.202587174567114],[103.68702990779445,37.21230042910934],[103.69531591247146,37.219932103193784],[103.70727362845538,37.223065384146466],[103.71658791499685,37.22726995889436],[103.72584969940468,37.232624393173296],[103.73485718063003,37.237279735241266],[103.73853426995038,37.24499910501146],[103.74015345118819,37.253578172964474],[103.74266950253148,37.261491835692524],[103.74661463015495,37.26967962091399],[103.75369728271448,37.27865458101209],[103.762359892015,37.28467875596977],[103.77322049435354,37.28685171650626],[103.78465770902928,37.28903996503154],[103.791841817379,37.29593887194512],[103.79259332236236,37.30472139590895],[103.79657780313718,37.31221851827802],[103.80143847123078,37.31950901984201],[103.79986467992701,37.328683779666804],[103.79101795758801,37.33279739545343],[103.78132653212991,37.33642769176999],[103.7727449378863,37.341010819375846],[103.76667197508219,37.347512251249455],[103.76050167491795,37.356084873378144],[103.75323007808828,37.363473738966896],[103.74680081718108,37.3713473161502],[103.74119256972784,37.380167330035114],[103.73676918162275,37.38833111184764],[103.73780374675219,37.397123353522616],[103.74090098207509,37.405055780811004],[103.74657385468072,37.41352718352837],[103.75281471571013,37.42224442464107],[103.76308587174604,37.425090889789814],[103.7735697365342,37.42333179281131],[103.77175495395156,37.43134402805858],[103.76510817162867,37.437599375304714],[103.76125007865174,37.44601233323052],[103.75993634510262,37.455655236058526],[103.7609746675418,37.46444503426211],[103.76437642523086,37.472156514970465],[103.76863470537114,37.4801209757186],[103.77113918712026,37.48849559157888],[103.77094959216329,37.49886257324512],[103.76649021841723,37.50771871796811],[103.76181560244703,37.51495544705807],[103.75650924650903,37.52332394925433],[103.75207866452344,37.53149055510539],[103.75343803970405,37.53960077850746],[103.75794501601835,37.54849590354629],[103.76311677897047,37.55556764603445],[103.76914574435065,37.56289447953065],[103.77490821300482,37.569752389487135],[103.78065079884537,37.5770716412459],[103.78523730688086,37.584353546769755],[103.79100285193988,37.59121069284466],[103.80007812875019,37.595401800833855],[103.80992694236949,37.601686890139256],[103.8176997163867,37.609064269137086],[103.82487483891427,37.616882183884634],[103.830925376859,37.62397627658266],[103.83966460235133,37.629305854896266],[103.8496318597915,37.631206195214375],[103.85059785858253,37.63101021904761],[103.85870117944833,37.62479327366527],[103.86649340768454,37.61902834349394],[103.87429525615492,37.61303099098196],[103.88332445300342,37.605456954244126],[103.89174282849005,37.598555536434894],[103.89927172771174,37.59208819526413],[103.90680951699736,37.585390702260916],[103.91461453451525,37.579161046132704],[103.92238772927908,37.57362219179951],[103.93105774115284,37.56741827731312],[103.93946757758442,37.56051353670411],[103.94694794240823,37.55496420057954],[103.95561399005031,37.54875627415681],[103.96547468234786,37.54166203172591],[103.97468554887045,37.53615944403657],[103.98740270637867,37.529833749981215],[103.99779605709585,37.523673169164745],[104.00585689515913,37.51790576089855],[104.01394532916045,37.51144869736656],[104.02254175161701,37.506618601686334],[104.03376615741685,37.501170056899575],[104.04350547877272,37.49660054455868],[104.05502567348663,37.49092670970817],[104.06624595084125,37.48547289379996],[104.0754134667749,37.480656174797964],[104.08460901654469,37.475145166472224],[104.09234962382149,37.46982504298198],[104.10125368482096,37.46430648096629],[104.11081065849093,37.456962121854005],[104.11918249058562,37.4502745298428],[104.12663893467952,37.44471403288899],[104.13619115650674,37.43736540230497],[104.14514538195178,37.43046313953376],[104.1529531834415,37.42329700206833],[104.16040452566332,37.417734401417846],[104.17089717690419,37.41548116973313],[104.18055153306649,37.412510706346794],[104.19068889724218,37.41185986074148],[104.20105874051454,37.41259464931299],[104.21225682865058,37.41427430660934],[104.22229228659938,37.41615205916763],[104.23462769789299,37.418319646040416],[104.24432047321731,37.42157012466177],[104.25396768901186,37.425970595776356],[104.26556417954245,37.43226477240717],[104.27588261225279,37.43437584229977],[104.28671545571535,37.43811237389993],[104.29545615371786,37.44363840591424],[104.30244807018052,37.449579651539466],[104.31535992972064,37.45198243966231],[104.3303736970948,37.452365287860715],[104.33912805232404,37.457658421475315],[104.34903916571619,37.46297806208074],[104.35843592668569,37.46667308848146],[104.36719367232989,37.47196190786127],[104.37707333698593,37.478202611215075],[104.38227151466377,37.485936670127394],[104.38741782418056,37.49505332539524],[104.39394815160229,37.505819027290016],[104.39769590591817,37.513747637118264],[104.40405455622451,37.521509663389],[104.4145105875309,37.520385939148625],[104.42620027749183,37.51721793880523],[104.4366817484255,37.515398628712916],[104.4474426972957,37.51381803720001],[104.45790589046334,37.51246082868858],[104.47001703242468,37.51344565416758],[104.48177208673744,37.51626400457148],[104.49432662567564,37.520946179909416],[104.504919349115,37.523964019165874],[104.51667646771807,37.52678117847463],[104.52641179390862,37.52954712015566],[104.53899654423333,37.533533192904734],[104.54906374907384,37.53515157029974],[104.5608907662699,37.5361220592583],[104.57418820647699,37.536432254968176],[104.58464376513123,37.5352937112438],[104.59602372726398,37.53256130545463],[104.60628678499572,37.52864999349823],[104.61719176364912,37.522909935079426],[104.62660197531835,37.51851564810693],[104.63833055692837,37.513944051074596],[104.64854901645195,37.51118232053559],[104.65872726130488,37.50956842210185],[104.66974817058455,37.50866427955361],[104.68073721736923,37.508682591586016],[104.69427213613636,37.51036727226259],[104.70490971941022,37.51221872017155],[104.71668061084837,37.51478429624799],[104.72785097846705,37.51802620814242],[104.73988915397685,37.52128797104883],[104.75160155159637,37.525690332989164],[104.76008945662475,37.53140750637953],[104.77004670458265,37.536462541137944],[104.78250807708199,37.53580998696117],[104.79496161314782,37.53538813777248],[104.80652512642352,37.53563608024099],[104.81779216704058,37.5361058817609],[104.8299193721446,37.536824628619605],[104.84349194197675,37.537573471182554],[104.85505595058234,37.537816737602846],[104.8671984546614,37.53806995817919],[104.88051151516382,37.53788668751019],[104.89498841683856,37.5374963108165],[104.90542531028034,37.53678935092425],[104.91557963148199,37.53584516973069],[104.92863222244945,37.534728760978275],[104.93963188575209,37.534491337066726],[104.95321260426199,37.534995775671476],[104.96561561006439,37.53616901574268],[104.97657359805358,37.53730901339431],[104.98868163832915,37.538703253345645],[104.99958474925926,37.54168372741764],[105.01335265504198,37.54564309901577],[105.02540786672688,37.54887396633571],[105.03486150251346,37.5520541253134],[105.04311109904565,37.556823686269375],[105.05159063692281,37.56367129156077],[105.05629086161694,37.57113376407573],[105.0589539485233,37.57902125558734],[105.06328580046765,37.5892434511779],[105.06704037294335,37.59945315515164],[105.07255159340201,37.609008165356755],[105.07950588218071,37.61881897328373],[105.08538362192954,37.6258431373568],[105.09184786906411,37.63264722441718],[105.09859611106653,37.639689085021615],[105.10983459763065,37.641744367860646],[105.12259944130567,37.6410625583614],[105.12995051887911,37.647420960301275],[105.137276137903,37.654700217325455],[105.14790587799126,37.65789326403849],[105.16085955240695,37.66089871566119],[105.17238543684934,37.66318384552888],[105.18479411089054,37.66502377177131],[105.19810973148691,37.665494589547386],[105.21086549633968,37.66526521782777],[105.22158069663088,37.66545565976371],[105.2330844902597,37.66865858633934],[105.24193288391687,37.673653607180995],[105.24781748470652,37.68113164791643],[105.25335819727474,37.69067618110131],[105.26389893238674,37.697544388599816],[105.27428746598373,37.699337413068186],[105.28527273063324,37.70045145872701],[105.29596359115267,37.70178869294455],[105.3074642456134,37.70544182164141],[105.3178179205469,37.70861649026973],[105.32992366344818,37.71135723253415],[105.3414803030225,37.712934570893665],[105.35188987607899,37.714031534807866],[105.36232846032847,37.71397641466595],[105.37483135212251,37.712570768710584],[105.3879360806079,37.710253228249826],[105.39962489042722,37.70652867279679],[105.41221113371952,37.70166562392333],[105.4221647217351,37.69768152464376],[105.4315496796372,37.693224207819625],[105.44119462146108,37.68992484457251],[105.45253842993992,37.68826247549655],[105.46386007020367,37.68752044942944],[105.47488544969204,37.6870041742396],[105.48619537902418,37.68672186348411],[105.49866343883619,37.6864545121286],[105.5105040882134,37.68825278501074],[105.52029576126134,37.69093797515896],[105.53154175580806,37.69341561528016],[105.54166158392957,37.69449108998595],[105.55470544819117,37.69445779564112],[105.56487795391548,37.69323115480841],[105.57593489856441,37.69132237381319],[105.58782952190184,37.69080835107664],[105.59906755641613,37.69373925809478],[105.60935583346176,37.700342475585195],[105.61557863450514,37.70734551663456],[105.61712521323324,37.7161225901172],[105.62071036211526,37.72446944129598],[105.62399696445293,37.73327321756678],[105.62670471716824,37.74206727165457],[105.62939697727947,37.751552880630044],[105.63119534326319,37.762177491188055],[105.63273442769609,37.77141624764172],[105.63424394740917,37.78203603628053],[105.6378448480232,37.7899206129918],[105.64826381566606,37.79122397011507],[105.65873781527698,37.789989640823855],[105.67035742045799,37.78946495853194],[105.68311280303124,37.790104664328],[105.6949829511499,37.791422912862444],[105.7053895567,37.79341074972309],[105.71575762419182,37.79724056912447],[105.7252520048866,37.801287796339274],[105.73652580393838,37.803514239777755],[105.74664919612604,37.805264134204656],[105.74967762623042,37.813368355396435],[105.75296448176805,37.82309016344943],[105.75628427113061,37.83119875457638],[105.76073407862758,37.84093393269663],[105.76693107140686,37.85046383375585],[105.77519951415985,37.85817730776764],[105.78078267592157,37.869540532471234],[105.78032732879713,37.8778293438595],[105.77870471609907,37.88633235715667],[105.775920752406,37.894819782109934],[105.77254046359812,37.90398984486229],[105.77061221274316,37.913182246436115],[105.77131337479939,37.92171655376426],[105.7737626643141,37.93004339442635],[105.77476010452764,37.93835013575731],[105.77459445018367,37.94664348761547],[105.77699885862431,37.95727288529247],[105.78382185535648,37.9651956296706],[105.7918363112571,37.97175234928457],[105.79838471415438,37.97898043039065],[105.80376598374953,37.986424869251884],[105.80972588087464,37.994105419736336],[105.81391937265434,38.002913008591754],[105.81083878339055,38.01162907327552],[105.80287827513507,38.0168253843878],[105.79543517332215,38.02525414275455],[105.7891592211785,38.03346589864772],[105.7817031668221,38.04235344534172],[105.77574364666445,38.0491878752811],[105.7697359951501,38.058324628769],[105.76518329984006,38.06747908708854],[105.76094354287102,38.07548656652366],[105.75670786596477,38.0832641101416],[105.75330234711926,38.093127898835434],[105.7508083119454,38.10115770302837],[105.74860477832505,38.10919199804728],[105.74609529244114,38.11791342771174],[105.74476049315659,38.12619112869117],[105.7442942745837,38.13471000442814],[105.74410108144741,38.14415497379113],[105.74301437135175,38.15450784107552],[105.74138699113243,38.16278102381793],[105.74091620136699,38.17152979905898],[105.741324271754,38.180062425101944],[105.7440613734954,38.18885451982411],[105.74941996861634,38.19791272844933],[105.75481675905239,38.20512763163528],[105.7616547639625,38.2132841256901],[105.76790599617591,38.22166109309654],[105.77535827500826,38.22844238521685],[105.78640587789492,38.23065988443961],[105.79535208215862,38.235846658960114],[105.80307689405814,38.24378204567102],[105.81109646912005,38.2517191307689],[105.82141192146574,38.26175899809536],[105.82505971309004,38.26940889112217],[105.82751730729073,38.27819719573362],[105.82882177216766,38.28627865856723],[105.8286340105552,38.295953947477955],[105.82727817086473,38.30561415694814],[105.82390794118703,38.31363510600021],[105.81788576269113,38.3227748748521],[105.81191120105078,38.32937946584042],[105.80621395193864,38.336679904714444],[105.80052046045866,38.34375027361869],[105.7979913823179,38.353394910165605],[105.79928390207603,38.36193650267663],[105.80203887569725,38.370497899944745],[105.80653084671921,38.38000498395906],[105.80870234878745,38.38855748334587],[105.80677517803777,38.39728960432837],[105.80542863810658,38.40625811087102],[105.80434198192769,38.41684437688482],[105.80445247083082,38.426062494297454],[105.80839880956557,38.43371766263467],[105.8170735419249,38.43912859386822],[105.8213145598818,38.44678774369428],[105.81878432386475,38.45643311995192],[105.81483015974499,38.463985782995515],[105.81027666189661,38.47222361358713],[105.80919421267203,38.48258031024257],[105.81697352656757,38.489131880308285],[105.81915827243941,38.4972248137622],[105.82046527992037,38.50530691597854],[105.82530096250358,38.51274048258338],[105.83072753697914,38.51995494792291],[105.83320363279536,38.528281913389485],[105.83655444272274,38.53684940912306],[105.8375705585512,38.54492710332592],[105.83680203173172,38.554367002666964],[105.83575358343093,38.56310854637053],[105.83588612994092,38.571407718605684],[105.84245990845633,38.58024581573891],[105.85084275309667,38.586574202315624],[105.8512664045919,38.595105332081424],[105.84439743620194,38.60147165695019],[105.8398252942812,38.61040055692908],[105.83731369068109,38.61889535257422],[105.83743364840005,38.62788427026169],[105.84021639972796,38.63575378965475],[105.84446614763911,38.643642529751965],[105.84899271204208,38.65245712662746],[105.8549576159262,38.66290201583328],[105.86067379839537,38.67103927182467],[105.86434550405261,38.67868905212978],[105.86770660040186,38.68725618697559],[105.86957924469127,38.69695813515387],[105.86911061725989,38.706170912238754],[105.87219298771001,38.71404418885866],[105.88087854373681,38.72083481285877],[105.88573874280993,38.72803674360396],[105.88646454532652,38.73634255406068],[105.88394974433804,38.74506861500456],[105.88436941276858,38.75406216578136],[105.8856836775992,38.76237424937245],[105.8857875251643,38.7725152460906],[105.8847240933286,38.78218196577747],[105.88574448038548,38.79048993459903],[105.89059645213949,38.79838374741416],[105.89842873812049,38.80424130655512],[105.90777041143254,38.80804125071158],[105.9156135074973,38.81343573093888],[105.92285221594268,38.81974548382763],[105.93007113407026,38.827204211475056],[105.93669941271006,38.83488877079521],[105.94157239026907,38.842088837755284],[105.95184478595364,38.84359212258949],[105.96270990969272,38.84487044973493],[105.97024227339132,38.851641280780306],[105.97068031816356,38.860172920352994],[105.96906276591498,38.86845121788906],[105.96360624642493,38.87737602600755],[105.95728536136532,38.885139092736964],[105.95069324027497,38.891516247241086],[105.95230735131615,38.90006206030373],[105.95744726207917,38.90910934569992],[105.96468300189333,38.916336468242136],[105.97310987561279,38.922887239708224],[105.97737426323694,38.93169416234198],[105.98314873578882,38.9384427990366],[105.99128935752233,38.94475853247282],[106.00121123622112,38.95040087955559],[106.01173932407039,38.955128403389125],[106.0220015674668,38.95823738737245],[106.03197784159163,38.96088413401225],[106.04284269398588,38.96330714190505],[106.04624461494471,38.97141065336305],[106.04816997234681,38.9797294581446],[106.04975545442743,38.990807759350375],[106.05642942596613,38.997334661649674],[106.062790640233,39.00500694649092],[106.06887343678339,39.01175556262845],[106.06111549845599,39.01720440488646],[106.05335266229493,39.022882678110335],[106.05202024184744,39.03208840806223],[106.05509721729685,39.04226181908889],[106.05969237978775,39.04991842166994],[106.06338737081798,39.05848541274174],[106.06560877761255,39.067035765301284],[106.07050517225274,39.074463665919595],[106.07566357162442,39.08396884229018],[106.08083111284644,39.09301178348878],[106.08750962759296,39.09999717325093],[106.092395326003,39.10834623518672],[106.09165336357901,39.11778790206169],[106.09210311131076,39.126552429800256],[106.10293555759003,39.132655766856324],[106.11404317646004,39.14014584072287],[106.11924111560953,39.14780566315864],[106.1244468581263,39.15500544675496],[106.1320217228098,39.16199729025841],[106.1402170861038,39.16714972164735],[106.1517133258753,39.1691083965281],[106.16211900442471,39.16506479337893],[106.17196038253205,39.159167132532254],[106.17944648452391,39.15255546685073],[106.18898916271804,39.14665748648831],[106.19850636091486,39.14236822133509],[106.20920496578094,39.13809197304664],[106.2198685172528,39.1361185042597],[106.23169391741044,39.13553715037568],[106.24438553836805,39.13634646346979],[106.25499331831048,39.13828763734248],[106.26823874357677,39.1418647085879],[106.27343745548845,39.15066988816027],[106.27449685576934,39.15966811219889],[106.27257597043685,39.17048436326562],[106.27068616776032,39.17899460145093],[106.26909504738464,39.18727821339734],[106.26658824812256,39.19762812773799],[106.26644600501679,39.20799986857889],[106.26632260269936,39.21698756084201],[106.265896682325,39.22643412550318],[106.26578290010045,39.234732107536665],[106.26506488271202,39.24394330254353],[106.26465435400902,39.25223806036377],[106.26394566742479,39.26076178168074],[106.26410489059747,39.27067506176028],[106.27020892276899,39.27879656958537],[106.2808222286755,39.28188764359367],[106.2914524340131,39.28382584007401],[106.30385276058394,39.286239956747266],[106.31237570205369,39.29092454908683],[106.32328008576368,39.29470500453531],[106.33599658627156,39.29573484514536],[106.34842380619048,39.29630039631545],[106.3596610491798,39.29731683773405],[106.37089869391124,39.298329996776204],[106.38215365277222,39.29796019043147],[106.39341395625769,39.297129453280235],[106.40408758652217,39.295831879529096],[106.41565420140147,39.29407776220777],[106.42958257409592,39.29280337237813],[106.44260224278379,39.29336292597535],[106.45294184302018,39.29528428326232],[106.4641524247862,39.29882511687886],[106.47328415418852,39.303042033212705],[106.48240195277275,39.30864024989633],[106.49153573922831,39.31285583551521],[106.50127246997236,39.31615187430407],[106.51161212289549,39.31853048049583],[106.52430983203519,39.322077097914],[106.535534791625,39.32491935068575],[106.54587450754208,39.327525044902075],[106.55739261910917,39.330830087337816],[106.56832192851265,39.33389672761228],[106.57896009882109,39.33650220502618],[106.59136746660077,39.3400393865359],[106.60289171438414,39.343107976241484],[106.61233962863727,39.3466250173073],[106.62563297157284,39.35085600394212],[106.6362755820499,39.35345654526186],[106.64662463583035,39.35582158438171],[106.65785945305055,39.358654968826166],[106.66850608271524,39.361020511003524],[106.67915402557179,39.3633873999121],[106.68950763982156,39.36551887423564],[106.70046897947313,39.3658097401088],[106.71173401772785,39.36517974129404],[106.72270456323498,39.36431655813068],[106.7333575977537,39.36621656230888],[106.73537180253793,39.37429398980684],[106.73412457304546,39.382586674807314],[106.73227768985697,39.39179720069534],[106.73428357509195,39.40102912549723],[106.74045634669636,39.40820567101907],[106.74662695613148,39.41584414137662],[106.74360260334713,39.42389662838627],[106.73555469120856,39.42938729991892],[106.72545219139809,39.43187028514783],[106.71328343540128,39.43295938890866],[106.70113520562464,39.43151083134283],[106.69045644690274,39.431682209718765],[106.67857681476994,39.43369005180218],[106.66758977851674,39.435241510332155],[106.65718965834198,39.43748660354902],[106.64737197161195,39.44088542621733],[106.6384315972962,39.445675027035115],[106.62859359983078,39.45114665781308],[106.6181630045,39.45638492854809],[106.60831401588322,39.46277940814922],[106.6026062304894,39.47035100704933],[106.60044384351777,39.47955758902905],[106.6000636904065,39.48854687368995],[106.6008644538479,39.49823383539355],[106.6025602973309,39.50746608164808],[106.60602293773609,39.51832308453841],[106.60951179606704,39.526413460238295],[106.61417504433659,39.53612351426445],[106.61944596782632,39.54445614388583],[106.62591685085455,39.55164157449115],[106.63566242045327,39.55815638047654],[106.64483787557705,39.56212900396044],[106.6555270313296,39.56288378256327],[106.66682642717748,39.56179557892192],[106.67844000555564,39.55863419823997],[106.68828076493608,39.55407813701528],[106.69783234125514,39.5483690929785],[106.70796622971544,39.54404374175584],[106.71837611882077,39.542254172927514],[106.72366781249976,39.54943015222302],[106.72805406990085,39.55867387589024],[106.7357504462003,39.56240334829108],[106.74107586296095,39.565427489113084],[106.74905927033252,39.5707705226953],[106.75674376762699,39.57657095974862],[106.75757513230401,39.58487522535184],[106.75306418509366,39.59223060074724],[106.74973123880977,39.60097436052708],[106.74788547516687,39.60949421198011],[106.74544290553061,39.61824434232266],[106.73795706234543,39.62535246669547],[106.7346259562583,39.63340375089728],[106.73545036567636,39.64240077851295],[106.74075150141219,39.64957429414842],[106.74724797301087,39.65606159039839],[106.75551898935446,39.66417358792794],[106.76560181135807,39.668833888487335],[106.76554300548263,39.677134656398216],[106.75598979744409,39.68146713319296],[106.74554945820687,39.68487242230067],[106.73481517862345,39.68758461789518],[106.72673623685735,39.693305743798625],[106.72013376498776,39.70041971607153],[106.71828558142055,39.70847970579481],[106.71940879109299,39.71724728382676],[106.72231893237715,39.72602354839434],[106.7246379638699,39.73433765210723],[106.72755485972797,39.74241933045132],[106.73045777680288,39.752350211906084],[106.73158364516775,39.761117978616504],[106.7317910984749,39.77310872433046],[106.73230509244921,39.783947070182826],[106.73223054713736,39.79386104720756],[106.73186311394171,39.803082826307495],[106.7317952520447,39.81207680232587],[106.73112476247218,39.8219866721438],[106.72956205474291,39.83143450461843],[106.72709462879298,39.8422561306882],[106.7240452688653,39.851003018567965],[106.72040022356936,39.85951545278075],[106.7164549501194,39.86826021337577],[106.71340517943493,39.87677246292658],[106.71064753497613,39.885981572953945],[106.70848088338806,39.89588530469138],[106.70811722450088,39.90418755422468],[106.70924220460147,39.91295657026926],[106.71335131431734,39.92196883667936],[106.71955480284336,39.93053631121226],[106.72457434876168,39.93793999133286],[106.72600086148384,39.94671129590502],[106.72354054760079,39.95592340039513],[106.71929864093177,39.96374197537077],[106.7141629251271,39.97109368734923],[106.70812866966735,39.97867315481569],[106.70388541496948,39.986261273376506],[106.70023510619107,39.99430941243093],[106.69686472956359,40.00466951443357],[106.69559526717843,40.01388602198517],[106.69881671442587,40.02220704193564],[106.70354139492305,40.02961441365377],[106.70976744510918,40.03633350175759],[106.7168911737916,40.04305891346891],[106.72313944543266,40.04724651270657],[106.73147458147315,40.05236031394753],[106.74010280179105,40.05840056442506],[106.74872570181621,40.06536510739459],[106.75555228640549,40.07278112782237],[106.76326426635408,40.08204380980363],[106.76710001955118,40.08967295275155],[106.7745322538248,40.096627555208],[106.78499804163768,40.09783179824627],[106.79394506373774,40.102485517649],[106.79868148677414,40.11034997298899],[106.80611732216666,40.11753290590124],[106.8135499444231,40.12541024592128],[106.82098289899122,40.13351278293625],[106.82813111401119,40.13954208775772],[106.83496826340658,40.147644536576486],[106.84001270254011,40.1552795346692],[106.83637046240504,40.163102771073284],[106.82705764790924,40.16744665840452],[106.81834028006044,40.17224949314256],[106.81021743697927,40.17752042603911],[106.80119202137722,40.18324507997234],[106.79216634689483,40.18873898366277],[106.78403996686501,40.19400377061962],[106.77381140545445,40.19972285123693],[106.76416938677134,40.20705611221771],[106.75271185029057,40.2164560593211],[106.74427129272061,40.222871360943664],[106.73702661002656,40.22952487962357],[106.73008256541576,40.23595007597699],[106.72252639276337,40.243751263841254],[106.71527049036558,40.25132413668139],[106.70771900698627,40.258204044009446],[106.70017509841809,40.26393289788949],[106.69173399495281,40.26918976696245],[106.68207670965144,40.27628700509312],[106.67392676067324,40.28223991515487],[106.66487750705943,40.28795520611888],[106.65521110061692,40.29551074304973],[106.64494401738534,40.3028351969082],[106.63618031597024,40.3097015804412],[106.62590546757481,40.31748484423001],[106.61562206854839,40.325957731931936],[106.60594977819605,40.33304943550087],[106.59718520159434,40.33922284350214],[106.58660410734932,40.34677044174255],[106.57662099649045,40.35432228259835],[106.56844551966779,40.361189319538376],[106.56117833755478,40.36713849854702],[106.55329950900285,40.37400718284567],[106.54572479038033,40.38041775169132],[106.53724747558607,40.386819982933105],[106.52787164307462,40.39275790403176],[106.51790308912642,40.39776464947509],[106.50762614185186,40.40345840306609],[106.4979551429784,40.40846631290973],[106.48678077567608,40.41346423952255],[106.47651888862777,40.41731423309863],[106.46655401188129,40.42139185291825],[106.45598416860506,40.42570220482192],[106.4435994141268,40.43091516372173],[106.43061892662936,40.43543062490996],[106.41976665600986,40.4378847673973],[106.4068110891693,40.44009615872041],[106.39565662028008,40.4425452609835],[106.3848017578066,40.44499636570559],[106.37425255549738,40.44698923390442],[106.3600946680808,40.448953509053425],[106.34806471907298,40.44908303063529],[106.33692790345827,40.44991575782963],[106.3260726019673,40.4521315875704],[106.31580008115466,40.45573381309463],[106.30431807386078,40.45979177265677],[106.29344471456047,40.46316011834822],[106.28345097284657,40.4681484456866],[106.2740508779064,40.473602871397155],[106.26494035726088,40.47975040449051],[106.25700924867476,40.487526281715844],[106.25028946336707,40.49461550309993],[106.25256927733327,40.503636852678184],[106.25877801382494,40.51153692856592],[106.26832074490174,40.5178526996463],[106.2772761487028,40.52323602958581],[106.2850258655124,40.528844977916265],[106.29333500435229,40.53768246299651],[106.30076129355233,40.545133259284306],[106.30846898829537,40.55419816584668],[106.31649130593833,40.562340573182404],[106.32209464189887,40.57138710761433],[106.32167777263378,40.580153781245535],[106.3113808163835,40.58422101724456],[106.30138384149069,40.588286109622935],[106.28834513127573,40.594403362614734],[106.27561187679463,40.60006217213142],[106.26621329169556,40.60413556418901],[106.25439405398168,40.60887233452751],[106.24408931884284,40.612934135915424],[106.23498183193846,40.61746897394078],[106.22526446742003,40.62245680827135],[106.2115967811021,40.629484799102414],[106.20156459585553,40.6351580341967],[106.19122194728826,40.6412919352755],[106.18086723557936,40.64811563752842],[106.17171998946938,40.6547224101172],[106.16408649362401,40.66087683310564],[106.15675664713433,40.66680869787524],[106.14821903090854,40.67272585009564],[106.14174815666205,40.68143018747254],[106.14826845490309,40.68888040809745],[106.15449317500112,40.69609208315377],[106.16069303800289,40.704924042732735],[106.1644942361067,40.71280659400196],[106.16889001534965,40.72139136860054],[106.17510127445918,40.72975790142271],[106.18072046183121,40.737426512349636],[106.19028937614213,40.74351955176299],[106.2004711622881,40.749153848453105],[106.2103596140986,40.75432345501624],[106.21963489659052,40.760180707779966],[106.22800923394884,40.765796926576925],[106.23425401161067,40.772549257620106],[106.23441269909472,40.78247098511843],[106.22825112059502,40.79072373805354],[106.22964119942961,40.7990474990599],[106.23404601460939,40.80785652146631],[106.23845169874988,40.816669991962755],[106.24227147937584,40.82432094118937],[106.24548346046241,40.83219538672028],[106.25112514078562,40.83940122781654],[106.25951419759852,40.84478558575548],[106.26912974606708,40.849026745319655],[106.27811660355401,40.855107273967384],[106.28708531185154,40.86257327809455],[106.29454697747535,40.869792319069006],[106.30260627566538,40.87770820469614],[106.31158405330288,40.88494240040219],[106.32206347051654,40.893108375835055],[106.3322493336058,40.90080988107836],[106.34092657753796,40.908269286697596],[106.34961181639244,40.915267610701804],[106.35890718788514,40.92203673287705],[106.3666971849552,40.92832941997879],[106.37417364706639,40.93554879470942],[106.3816602504167,40.942072406643454],[106.38944875685428,40.94882440341742],[106.39936829065647,40.95467561517595],[106.41149059136956,40.95384568479331],[106.42153102929838,40.9497655730515],[106.4324899143025,40.94477221549133],[106.44285736972436,40.938385941873136],[106.4508048522258,40.931750341211064],[106.45603746345485,40.9241676542206],[106.4597607823934,40.916119153970264],[106.46533564080842,40.904845549237706],[106.47213701471362,40.89197111551313],[106.47615476797694,40.884381269946026],[106.48082472008733,40.872412732522236],[106.48307438582148,40.86042656940668],[106.48378066505468,40.8511988864349],[106.48483798736656,40.8375855643274],[106.485544372307,40.82835812697564],[106.48686736406097,40.81798051020098],[106.4884874144594,40.80807078527397],[106.4904312964232,40.79608260403086],[106.4917833923909,40.78293331608316],[106.49219406417834,40.77301294084476],[106.49349521210394,40.764482354735996],[106.49510014560022,40.75572432820576],[106.50122390609171,40.747919275641344],[106.51034777238873,40.74175271585147],[106.5209819039644,40.73536418259482],[106.53159487248003,40.73082118010041],[106.54402013178107,40.726053788779375],[106.55826775889669,40.719919321504484],[106.57069404709634,40.71468887697789],[106.58491349164137,40.71108850696002],[106.59668874940866,40.710468606947494],[106.6078277379518,40.71330965984879],[106.61531088756614,40.72004788851586],[106.61884965035406,40.72906991085878],[106.62058703192643,40.737156374510306],[106.62110833450068,40.7461586073228],[106.61982673513043,40.75422986155225],[106.61824093525189,40.76252896990754],[106.61422137130099,40.7726595318305],[106.61050736044619,40.78232753989662],[106.60559852744427,40.790378392264394],[106.60036496017622,40.80073369169204],[106.59605840597432,40.80878480163271],[106.5929575917134,40.81707160823097],[106.60167827405577,40.82174460253011],[106.61344148028297,40.82435119474292],[106.62522844070664,40.82442381883543],[106.6376304353607,40.82334431881555],[106.64882866575566,40.82156332392166],[106.66062194785077,40.82093733605632],[106.67177819392117,40.824003297019054],[106.68079955841486,40.829589667143296],[106.6895155375424,40.83563817635303],[106.69671403389815,40.84260495963523],[106.70118400542029,40.85070708395232],[106.70564525109651,40.8599604656594],[106.70981818402652,40.86759966009687],[106.71763010431684,40.87410486665775],[106.72605038662917,40.88037922541161],[106.73265565797992,40.88687937928993],[106.73986876634922,40.893148740194796],[106.74798168448017,40.90057552615765],[106.75610517562991,40.906845921847726],[106.76545036984363,40.911737967897345],[106.77692657827981,40.91502726704824],[106.7887204836588,40.91623593757231],[106.7983781660123,40.92020646665473],[106.80559983386568,40.92646776417754],[106.80978431755577,40.93456932315295],[106.81518630082336,40.941748482040154],[106.82484113111876,40.9468685614456],[106.83782905465883,40.95177420804497],[106.84658017073258,40.9566566393933],[106.85746402820918,40.95947434695552],[106.8686664248366,40.95975062846393],[106.88259779344864,40.95934225662507],[106.89469815034163,40.96146853534876],[106.90010493076606,40.96979578680341],[106.89884977671139,40.97787194213069],[106.90031769007658,40.98665047471421],[106.9026967634583,40.99496921900903],[106.90537126293013,41.004906459268504],[106.90987751309903,41.012311711521754],[106.92077435395677,41.014658962865155],[106.93197320167035,41.01746760802773],[106.94073960800455,41.02211804344968],[106.95162731667628,41.02700067000961],[106.9637368019854,41.03004174085906],[106.97403210012041,41.03238571751335],[106.98675304607659,41.0347322815202],[106.99917529481476,41.03615474995449],[107.0100812782665,41.0378033411711],[107.01946294864318,41.04198622279128],[107.02823630115634,41.04708682112037],[107.03609668270607,41.053343192256044],[107.04335075813039,41.06005695238248],[107.04938798976875,41.06838609649024],[107.05694569899043,41.075791590582604],[107.06511055858317,41.08366011406563],[107.07388120573809,41.09222639313178],[107.07962211061721,41.100318213096415],[107.08536238988736,41.108875048131715],[107.09110705221582,41.11650581680709],[107.10170657057692,41.12484344513942],[107.108974362288,41.131323652739795],[107.11897795502303,41.13665385145284],[107.1283770626244,41.1415201575677],[107.1362582971602,41.14707541438463],[107.14687838319983,41.14986744779744],[107.15780882261217,41.149195360611124],[107.16783390612379,41.145515341872006],[107.17845417805039,41.14876541117265],[107.18603470820958,41.155242445792396],[107.1954413992437,41.15964313300925],[107.19087577120838,41.16748661163985],[107.19450972927912,41.175575527699245],[107.20361432159334,41.18089611338458],[107.21393736071364,41.18460303850853],[107.22365366708111,41.18831167610118],[107.23428311932064,41.19178758589754],[107.2418735689387,41.19756597707609],[107.2515917883325,41.20358074664576],[107.26131219560561,41.208208062184994],[107.27224988214812,41.212603234190986],[107.28440404735443,41.21307540758942],[107.29534277377651,41.21146529617217],[107.3068883552314,41.208008298447645],[107.31661020854187,41.20408951182104],[107.32694158329969,41.20755688069386],[107.33484553894337,41.213560889479936],[107.34608854778105,41.213333843342454],[107.35611863463633,41.2165677960034],[107.36706407747809,41.22211116442812],[107.37740065617287,41.22534409609123],[107.3898664044913,41.22903652536851],[107.40141814833518,41.23065265895519],[107.4138860218439,41.23434272780142],[107.4236213544285,41.239188056681584],[107.43456313618755,41.238722206348726],[107.44580570029488,41.236638676674126],[107.45554404756868,41.24171193072707],[107.46679783478595,41.24424320178801],[107.47773816556735,41.243082444823536],[107.48958905688143,41.24145648591133],[107.50113497379864,41.239594203824765],[107.5120833341041,41.24119958042271],[107.52455406947446,41.24349643558454],[107.53580998348664,41.24602152583077],[107.5485869936345,41.24854210820019],[107.5574224398831,41.253611484004466],[107.56220774493941,41.25667558846519],[107.56170573394618,41.26076489541919],[107.56770837716158,41.26667980918194],[107.56872548130765,41.267680165385514],[107.57513786476808,41.274368975100224],[107.58702165642107,41.2798894906264],[107.59918404785277,41.27917480496511],[107.61284850996273,41.27430308126171],[107.61471073740346,41.27303907909088],[107.62103444218009,41.268742972530276],[107.62891254717235,41.262721585328876],[107.63956270294459,41.26431590480658],[107.63963638273641,41.26622772030878],[107.63991070125056,41.2733236591276],[107.6408634838071,41.281635764713286],[107.65150173466358,41.28022496895821],[107.6612140326388,41.27627919012827],[107.67274638979089,41.27163187986945],[107.67441971481075,41.270626258752145],[107.68123367312349,41.26653305815274],[107.69063095438908,41.261198369989486],[107.70064377754224,41.25747536371745],[107.71308410669941,41.253054348229576],[107.72094088110735,41.244953894521124],[107.72942195616908,41.239847490393494],[107.73787441435958,41.23035885057019],[107.74452033702751,41.223870819538604],[107.75421699706509,41.21945740680046],[107.75933667475599,41.21228356788789],[107.76657757306091,41.20440716417745],[107.77073210505894,41.20404431502622],[107.77263102863704,41.20092684679897],[107.78263445731048,41.19766286300527],[107.78988621687002,41.19905343076284],[107.79566587585707,41.19299841037356],[107.79925562012606,41.185138600403555],[107.80985846551806,41.181176103994154],[107.82171436900529,41.182518232228624],[107.83116391295918,41.18710175369374],[107.84456275224343,41.19143854670306],[107.85549324850804,41.19070577485343],[107.8661066748294,41.18835556202242],[107.87673056924247,41.18739115007806],[107.88708418751938,41.19058201160303],[107.89322106873071,41.19794563653662],[107.90056456734239,41.20415007092904],[107.91241541168888,41.20433183772255],[107.92393052777697,41.2008137962283],[107.93116869895674,41.1947799848552],[107.93322343238651,41.18668961067632],[107.93832311591392,41.179508806041014],[107.94957342812198,41.18084486849741],[107.9569201141845,41.18704587748771],[107.9597323916889,41.19557569970752],[107.97033882661452,41.192751436011555],[107.9797140380994,41.18832165233738],[107.99000603907066,41.18457515617556],[107.99614835796582,41.19147297369937],[107.99502991358523,41.20140921824823],[107.99481322296869,41.210416949844905],[108.00035306427861,41.21754692215865],[108.01317091948239,41.22302406303867],[108.02008585115775,41.21559916120513],[108.03038663865541,41.212544849546795],[108.03562581510843,41.219674246324374],[108.05020260393945,41.21867332430823],[108.06171561896672,41.21537748483387],[108.0726942878482,41.21901183185316],[108.07764193697786,41.22683623652132],[108.07011135991429,41.23311015657472],[108.06382233033735,41.24192265108634],[108.07328735764142,41.24579718356569],[108.08390488254985,41.24365881335908],[108.0935809751236,41.238984266245396],[108.1029442054363,41.23361902937773],[108.11356108229856,41.23170855296048],[108.12689628021074,41.22839515781914],[108.13781337531938,41.22625108184],[108.15174075811562,41.22178079095611],[108.16294316610973,41.2182465704118],[108.17567186140634,41.21539589131255],[108.18718434962264,41.21254931466754],[108.19899956043076,41.20970032719268],[108.20960447817045,41.20732108023719],[108.22472415405785,41.201680892295],[108.23438004769994,41.19653506300635],[108.24711746078908,41.19482902274968],[108.25897059845396,41.19520849440789],[108.273517455412,41.19256471447927],[108.28714233923647,41.189232958832015],[108.29805140133352,41.18730543556279],[108.31227208629171,41.183276696136204],[108.32349306932895,41.182036388250914],[108.33533834204607,41.18194795614558],[108.3511283490651,41.18159193749676],[108.36239606992518,41.18358210757955],[108.37306068528434,41.18580973539003],[108.38283966076231,41.189654390824764],[108.39024111484098,41.196986370308906],[108.4008520758682,41.19551245420865],[108.41296743927246,41.19310228335652],[108.4242030918702,41.19277890805022],[108.43449396633567,41.19038718441506],[108.44444812963508,41.18591442541282],[108.45314881794405,41.179140859610676],[108.46310029174492,41.17466668248613],[108.4752321598368,41.17364167449006],[108.48982018090584,41.17420229993275],[108.50082609256853,41.17849461327682],[108.51173951549364,41.177239623606894],[108.52231366502451,41.17391274541107],[108.53011034864566,41.16806630676014],[108.54071483450076,41.166585170420255],[108.55619230000934,41.165975257888604],[108.56715211336541,41.16748859900713],[108.57751660212254,41.169701094571685],[108.58907624863836,41.17074274876116],[108.59967927098712,41.16925662929906],[108.61210401848291,41.16774637898342],[108.62422039130965,41.16601147523539],[108.63633995228776,41.16450574452103],[108.64659882473427,41.16093605174592],[108.6574505292536,41.156669566998424],[108.66979285945428,41.15100312080658],[108.68254730032645,41.15110026473702],[108.69325717039433,41.155373629620286],[108.70333440965804,41.158269285493716],[108.7137203429073,41.16139186499632],[108.72205415467174,41.16823097169227],[108.72768938610241,41.17671486758298],[108.73302182061188,41.185201261577284],[108.73864530399628,41.19298930722069],[108.74726139316104,41.19844227932542],[108.756472087483,41.203189191803894],[108.76659605435927,41.2079272379192],[108.77704388926128,41.21358310537785],[108.78687594577735,41.21878304458033],[108.79703226175828,41.2249053393752],[108.80805436822332,41.228705800416854],[108.81901859255514,41.22973659528588],[108.83146862694542,41.22913045919212],[108.8451042385948,41.22712475637629],[108.85753366344562,41.22559465083519],[108.85894881089874,41.234814785586224],[108.87030962835803,41.239988982509956],[108.88098789925282,41.241708437955786],[108.89165133223246,41.24273593978398],[108.90324242528827,41.2444443698528],[108.91276837031289,41.24894669005591],[108.9226616767055,41.256213940611644],[108.9330972695288,41.2604750705402],[108.94472378640717,41.263561846423315],[108.95569525110166,41.264580776254434],[108.96754179364983,41.263967550435765],[108.97874816125552,41.26197760818028],[108.9902577768911,41.25998339017502],[109.00265701403877,41.257052260107535],[109.01326410496031,41.25552659259504],[109.02393142982048,41.25654290249759],[109.03885512388959,41.25750171424579],[109.0497317037385,41.2545874789894],[109.05998292972443,41.250983669424926],[109.0699293047087,41.247387032072886],[109.08256989753251,41.2421366564324],[109.09208941792556,41.24592983266159],[109.09984359639736,41.25206060530238],[109.11136569441342,41.25074637080848],[109.12067217972064,41.24600116740194],[109.12936940753038,41.24125803535603],[109.13994206425448,41.23857002265451],[109.15198639496028,41.234011039541244],[109.16130541089476,41.22995393764908],[109.17148769445606,41.22403782709475],[109.18205628335052,41.22134633582594],[109.19262410774735,41.218649452212084],[109.2038050955847,41.21617894132547],[109.2143713421189,41.21348476267261],[109.22463318155322,41.210793561135105],[109.23673513065135,41.208764718914395],[109.2489491581569,41.21089411702355],[109.261549041729,41.21601714183546],[109.27283396121705,41.217465071551395],[109.28383524076443,41.21960696700281],[109.29572906162822,41.22104485905299],[109.3064530112275,41.224110114490536],[109.31724235327799,41.2294912835785],[109.32807871116592,41.23647935084359],[109.34140460195349,41.23465429767631],[109.35417435324233,41.234687806821235],[109.36401081701449,41.23845619939233],[109.37271886062553,41.24524849616864],[109.37628833312462,41.253046929977195],[109.3874744635795,41.25078579654236],[109.39922102757964,41.246902836404715],[109.4109196351667,41.24140199682289],[109.42019176836929,41.236169560435016],[109.42913784456671,41.230249855651884],[109.44024414495412,41.22545057658475],[109.44985698914242,41.221593598316424],[109.45977305348364,41.21773600240138],[109.4714618200917,41.212229742194324],[109.48105035625305,41.20767950946353],[109.4905956910053,41.2017467096893],[109.49739233994009,41.195393234593354],[109.5063277126126,41.189468353183976],[109.52334826980517,41.18964246054588],[109.53352658764426,41.19454884392836],[109.53656740950863,41.204428692413],[109.53986976155385,41.212917597002686],[109.5428543016058,41.22095050489337],[109.54646897350372,41.22966511130151],[109.5509603076674,41.237209698990625],[109.55488112606209,41.24591960887954],[109.56118372204938,41.252966408184776],[109.56664077714221,41.262113447582244],[109.57720742953418,41.25961897576585],[109.58431303068363,41.25349046295837],[109.59292209892408,41.24686823926924],[109.60498283471404,41.243652304850166],[109.61746531050531,41.24412449867852],[109.62867284993214,41.24276773381268],[109.63859664380114,41.23935657083916],[109.64383487915538,41.23210239741162],[109.64417259172924,41.22377897459348],[109.64664479275497,41.215651872374146],[109.65404379034176,41.20951039029598],[109.65590669550433,41.20139302534671],[109.65653192742873,41.19260441009672],[109.66328999845345,41.18555568247899],[109.6693944388421,41.1771302364645],[109.67489061628928,41.168714457223004],[109.68159962903111,41.16027420017213],[109.68895190878361,41.15297967554406],[109.69474731300461,41.1445583097859],[109.69477551119657,41.13624518179136],[109.69056350295713,41.12823666344019],[109.68362230622282,41.12028177343963],[109.67437657032416,41.1160640132839],[109.66316677097717,41.1167292871501],[109.65185982799036,41.1143954626008],[109.6521735573296,41.10538244339476],[109.65245777698819,41.09544844292168],[109.6506786296479,41.08739990503164],[109.65714004686248,41.08081333292449],[109.66540393516762,41.07373647736945],[109.66631485242483,41.06448378672063],[109.66602820679762,41.055711377272225],[109.6749705161344,41.050931351000706],[109.6845554474433,41.04728755676016],[109.69444235778961,41.043642572410775],[109.70460870248354,41.03929655501925],[109.71595509146353,41.034004085796425],[109.72458032001144,41.028995442984055],[109.73102986383215,41.02241005559693],[109.73377281540718,41.013813220522465],[109.7449032252556,41.01129529366826],[109.7497127828032,41.0190513283564],[109.76040247078194,41.02139087537512],[109.77059328971539,41.01796511093764],[109.78012961023322,41.01316296557013],[109.78837388154714,41.00607861413974],[109.79756496272093,41.00012473579583],[109.80524002100798,40.99420552701114],[109.80979757156983,40.985801513564475],[109.80769371120843,40.97753131992131],[109.8037656874236,40.96906245062235],[109.80866429919766,40.96180911101906],[109.81788881136737,40.95700968125776],[109.82677632354688,40.951298546322704],[109.83347131295639,40.94354309474815],[109.83835027246312,40.93582838962686],[109.84556649676409,40.92575966552204],[109.85440040732485,40.918656496098045],[109.8647034730648,40.91037026310283],[109.87442417318643,40.90278922470595],[109.88352897441241,40.894988182246095],[109.89178277038364,40.88881882243745],[109.89478799733267,40.87974947685405],[109.88249595735864,40.87445643919116],[109.87186476966302,40.87328319024065],[109.85948482639766,40.87399193293487],[109.85346397367407,40.866262915235296],[109.84688062445491,40.85969533744128],[109.839408293787,40.85360837137057],[109.83032927329363,40.84478527959198],[109.82128328912192,40.83688238177155],[109.81528664236451,40.82960771846511],[109.8089642029536,40.821652041395716],[109.80202279184341,40.813246244913664],[109.79692780363814,40.80572498441827],[109.78824805145047,40.7994305920912],[109.78946604185347,40.790860820506005],[109.7993209004045,40.78743885832942],[109.81069307622005,40.78422000122926],[109.82149999556735,40.782161567087996],[109.83266557670964,40.78170809718519],[109.84352000972925,40.78103331662878],[109.85553390089885,40.77895057468376],[109.86928432692612,40.774749207976846],[109.88152446931069,40.770582558009465],[109.89323378984035,40.76849714047988],[109.90385830576508,40.76989860485293],[109.91650530879184,40.76871971143275],[109.92535385233518,40.762768157585946],[109.9365911299857,40.76438591233993],[109.94434732831314,40.769996038585134],[109.95328773927123,40.77489280639761],[109.96489693613543,40.77834825553811],[109.97554971127678,40.78043413625082],[109.98451052942603,40.78578905432652],[109.99405065439908,40.79043694789201],[110.00356736983969,40.79439364042797],[110.01685515998328,40.79411377601188],[110.02801269976737,40.79341721762374],[110.03637405825904,40.798780079063725],[110.04357385478231,40.80532105295398],[110.05282716218053,40.810205070960336],[110.0643939559238,40.81226139964817],[110.07615646650343,40.81154878601615],[110.08726302415087,40.809461432573535],[110.0979416238908,40.81200180915987],[110.10833572377109,40.81500307631755],[110.11104486604452,40.80686498905575],[110.11187747735669,40.797147255698206],[110.11243603423742,40.78813059532213],[110.11151122847362,40.779838953634616],[110.11149185202666,40.77152942058423],[110.1185044428689,40.76537448330813],[110.12666096713346,40.75757503966382],[110.13388385815118,40.74910282596683],[110.14172625295811,40.74107844227215],[110.15384153723085,40.74196802705192],[110.16313157202507,40.74775959214057],[110.17474520310864,40.75119546205307],[110.18660779401998,40.75323873015047],[110.19707029581241,40.7504636906847],[110.20851064522095,40.74951023321873],[110.22102348062586,40.752688481397264],[110.23288765153778,40.754727362865715],[110.2458282607797,40.753508923057616],[110.25825900254955,40.7546077093503],[110.26896378297367,40.75782374348276],[110.27790542864582,40.762232425426056],[110.28981061835478,40.76518648050454],[110.29997877932107,40.76264386334042],[110.31044784028502,40.760089449800425],[110.32150996038226,40.75728653544434],[110.33347721412927,40.754463071183615],[110.34516013275406,40.75210980458405],[110.35673683016331,40.747215014839036],[110.36401947596242,40.74080979247276],[110.36972365410563,40.732821892872636],[110.37885189077099,40.72729219203827]]]}}]}